id,y_cls,y_prob
7763,0,0.002037654814344958
23882,0,0.2168769252067794
30508,0,0.06937391950171896
28912,1,0.9891299656690802
19485,0,0.00033858570137136704
43032,0,0.4188604667359044
28189,0,0.0002975567273669984
12762,1,0.546518562065847
40835,0,0.0002614482393863249
27876,0,0.024141645074560618
1277,1,0.47074890753103094
22609,0,0.00370207341236419
36231,0,0.0014735700532752805
13399,1,0.8552173215560755
43537,0,0.023413826354484125
18628,0,0.05350191730335581
38425,0,0.2711118297549378
35506,0,0.37345765711715245
2373,0,0.04490302134512267
3376,0,0.3019937180241037
28332,0,0.13132768560657124
46821,0,0.00043024487784531633
148,1,0.49800895910708687
21064,0,0.006737051579343179
20140,0,0.0005154358293327387
23289,0,0.013710872522747395
18958,0,0.0369697849752785
31257,0,0.006458542346390936
29643,0,0.04124664990499291
23639,1,0.7764259093744409
18068,0,0.046932392553790406
880,0,0.08438665034056081
7156,0,0.003324883523698845
43770,1,0.8092670119067105
17698,0,0.02752021354279619
21168,1,0.4583766599873588
3137,1,0.6222835266813365
34255,0,0.0012201605457909882
17658,0,0.03361616931509648
37255,1,0.7482596050674731
1423,0,0.0018559451998515812
32508,0,0.1544317461912467
30151,1,0.5414505344185134
14173,0,0.23172962536744177
32274,0,0.1518212300860852
48263,0,0.09469680935676764
10008,0,0.20913577160365168
47650,0,0.17504528750418583
43059,0,0.030796777844036626
709,0,0.11683159348261728
26339,0,0.06887111591667262
8407,1,0.5222720171017368
43954,0,0.010850905238205982
39988,0,0.03690280602788248
20883,0,0.05677852973504501
45443,0,0.08184329159240786
5188,0,0.3545384865996326
37558,0,0.00029108364465965387
2869,0,0.12076745239631882
33382,1,0.9901953317644903
3031,1,0.47369070344518516
6203,0,0.008206831444775757
16715,0,0.006728688273124167
9087,1,0.7507628702226907
6112,1,0.8338641092378359
36310,0,0.016581138763431244
16172,0,0.033372711068788
24736,0,0.008681354366937715
27701,1,0.9882393908042777
36863,0,0.0006920620606270441
31221,1,0.7654124288459065
2192,0,0.10967679952484846
44819,0,0.0518835259293331
26395,0,0.0155048525987204
6737,0,0.028726280538158983
4539,0,0.006936382770806031
3929,0,0.0008223114249396977
35178,0,0.0003842106994177297
1415,0,0.02084482738180878
34379,1,0.7189035979895562
15299,0,0.03586755007875068
24535,0,0.01279271321979708
47391,0,0.08709365611501473
20758,0,0.41333682957365553
9744,0,0.18445280935158825
8872,0,0.34962171065550707
13264,0,0.02460748006016271
3026,0,0.06390392792560146
31644,0,0.020708867036168054
13520,1,0.48910109580397687
20356,1,0.5721840739011907
3001,1,0.9954796306011319
6661,0,0.018108141379547294
31161,1,0.6000346832962681
5265,0,0.0006920620606270441
2211,0,0.0003343869239704633
32846,0,0.0012481859335213997
36854,1,0.5899396069097415
28698,0,0.058947043196134453
3793,1,0.9990300907209914
45972,0,0.19027347335192446
17826,0,0.17469436290873872
6479,1,0.5672951029579557
44389,0,0.4047983574036086
15154,1,0.9981804707352975
43349,0,0.006315413284517856
6995,0,0.30731408074429956
3151,0,0.00033511279204395325
33402,0,0.07240371334729247
8785,0,0.3524557298333232
35388,0,0.032398927694010614
4058,1,0.9928139913877411
12052,1,0.982619844757906
12866,0,0.3837340844993271
46961,0,0.06606628045060227
35249,0,0.014645184758569317
4129,0,0.0020917735467508073
16400,0,0.1684657997066427
6435,0,0.01311742153245849
8035,0,0.1618551004961938
7709,0,0.21287067958155503
18648,0,0.0024143951287636345
21217,1,0.9982182399155096
30995,1,0.8998574182033564
43755,0,0.07217524061039256
43379,0,0.01697419155636502
43134,0,0.23159541105381926
9694,1,0.6518930866732306
43070,0,0.037255676580700295
5266,0,0.04983859452259491
44874,0,0.005875865562202961
4017,1,0.709812509525485
43466,0,0.13099727097795966
24577,1,0.9920874933693777
27905,1,0.6100031406557096
29187,1,0.43140549603000666
4832,0,0.0018190512642192284
3468,0,0.03400110249004773
30372,0,0.4211521312624322
8226,0,0.29711142057843687
18398,0,0.19377856630512127
43699,0,0.4145275331771693
32186,0,0.2693749711518596
20364,0,0.14698451551065933
11602,0,0.012218096045654768
45063,0,0.0009696961747762611
47102,0,0.136433638573106
25883,0,0.0047578930967396875
44384,0,0.0006556860675718826
38251,1,0.9765157681631491
20273,1,0.9854034802744225
10811,1,0.7552705374220027
25057,0,0.0011109590363700004
45519,0,0.05698287785630835
5804,1,0.7095468335512962
3086,0,0.1491471222468172
6057,0,0.019009943049349613
16078,0,0.00033089635638633197
42297,0,0.0020436269269148415
38189,0,0.029592950155079904
23693,1,0.5819629741207949
20417,0,0.015272373902648346
38657,0,0.2685315083655383
47671,0,0.1410515625620029
5569,0,0.338951189943915
1407,1,0.8196654923282118
12737,1,0.5620411563195228
21547,0,0.00022963579218958163
15040,0,0.1042498055672749
30572,0,0.00032937254655107456
45772,0,0.21233557297724218
20496,1,0.5761367494108196
21629,0,0.0010014122357505984
29628,0,0.000987948665284943
11779,0,0.007841410603635295
8172,0,0.36972123426925974
16393,0,0.23778088062948868
29109,0,0.0006187387486145839
47177,0,0.02456720903913669
13183,0,0.06696594801700735
20819,1,0.8630466485643293
42907,0,0.042758508764361415
30244,0,0.31604960395155707
46440,1,0.435104214525912
2060,0,0.196523316560864
5599,0,0.023295310789037862
37305,1,0.5614705695921753
15258,0,0.017001749989801144
23975,0,0.1647128273543956
30668,1,0.6463718883733908
3397,0,0.1074487257827654
37870,0,0.012281771269692624
47068,0,0.23970299701104789
25726,1,0.9971038177422461
3715,0,0.002631034189185802
12314,0,0.08981029999254059
19377,1,0.755549082814759
11015,1,0.7866812454132521
17281,1,0.759773674663443
39055,1,0.9991006535010514
36651,1,0.7814174000438769
22976,0,0.38828990970442995
46572,0,0.010677975619171328
45040,1,0.9392238987300013
42512,1,0.7624755224924773
42054,1,0.49709157809189786
18748,0,0.05420420787480947
19052,0,0.36471662762504503
31375,1,0.98736004750212
35825,0,0.06531386957623576
30513,0,0.015521154379431804
11798,1,0.5189288307537607
36641,0,0.1400691432395139
36272,1,0.9942704080438756
21191,0,0.009874258405268285
31723,0,0.021106932083731593
13035,0,0.0001488372255874762
29641,0,0.0019769793964689465
18580,0,0.029944866218603563
18098,0,0.03137178671211281
20541,0,0.1342063296445986
42946,1,0.9091135387970745
3542,0,0.3556180257813935
5693,0,0.29091023318620385
12458,0,0.0015668038421544374
5,0,0.01923923597099223
28349,1,0.77455460495737
26420,1,0.5879650542769269
29599,0,0.034291974344026546
44276,0,0.0073433616041102346
28245,1,0.9973687692544111
20965,1,0.9448323900674663
2985,0,0.0016443226775787144
31296,0,0.3002638360889952
27437,1,0.7762395558968775
45198,0,0.00037444280167468356
38865,0,0.1739522831828251
23849,0,0.0019974225162918092
21813,0,0.0007771932293372815
47147,0,0.08881591220522636
38705,0,0.00017721845085831215
40052,0,0.3524473689354413
47158,0,0.0007095201256614695
5546,1,0.5634171045778288
45205,0,0.0016516781872103234
3222,1,0.4664166694081599
47480,0,0.00239293229264696
25727,1,0.6155255311519534
34581,1,0.8302794857227975
41798,1,0.8991349338170801
3212,0,0.20420094122631227
33628,0,0.01568431648248129
20212,1,0.5899396069097415
27523,0,0.17588327377261828
16163,0,0.030124738360417003
28474,0,0.3173588926197299
9502,0,0.12450767118732252
11495,0,0.18383930249138875
14972,0,0.04504295243483812
5712,1,0.6419352330456805
11743,0,0.004469303937331294
6683,1,0.8869687591407572
4851,1,0.793331132223662
48143,0,0.28169669181679
30976,1,0.46944584177536847
10759,0,0.06585662334438977
3520,0,0.12526818876917734
26047,0,0.10471192572616292
36968,0,0.00040403259476005633
31906,0,0.3951990426285648
44863,0,0.00017855651643525577
36474,0,0.1253832302413164
466,1,0.5982116613643017
38324,0,0.12009935069005355
41694,0,0.10355503327831748
37617,0,0.010894909430240813
12204,0,0.06861583950303583
17693,0,0.11938173878624292
22020,0,0.0031150302504341343
10853,1,0.7115513864166617
7985,1,0.545370755139773
13041,0,0.0008020918793515799
44934,0,0.05656352727924656
42011,0,0.37504733576621113
17448,0,0.009814354406162731
12654,0,0.010449868978319338
33222,0,0.05476923319494565
20186,0,0.007714865714424919
35149,1,0.9274248788471467
34116,1,0.5945873804088828
11948,0,0.03658000900871194
12224,0,0.16022237810458323
33839,0,0.09658746839957041
17371,0,0.15155772256118083
10987,0,0.017738992501019388
7030,1,0.9080769026782302
39854,0,0.030123068283543226
43762,0,0.006136691816598529
5408,0,0.06053588690494865
45413,1,0.9954561646153798
5708,0,0.04124344679523758
36400,0,0.11527101930247452
33030,0,0.02350345823690771
19950,0,0.054611957817912275
16949,0,0.21966130271145493
17346,0,0.10670068075301709
31607,0,0.006880967627999544
8920,0,0.0002710405897665809
13710,1,0.9797738004265577
8181,0,0.01630750603824612
8490,0,0.01348073874298363
44371,1,0.43340419842133254
11462,0,0.010421310933622047
38297,0,0.0008462808060711641
14069,0,0.17750953570306732
46436,0,0.0035007251085773287
44005,0,0.03696249403864548
43008,0,0.026915200298904412
25589,0,0.32900979657986723
35340,0,0.002543580997357414
40049,0,0.011402637622809107
25133,1,0.9952213761770625
31875,0,0.0023433216482451865
26801,1,0.4332406336283989
20197,1,0.6253530999299375
35860,0,0.027412498902726175
21845,0,0.004728477860205377
42425,0,0.02994922645817103
20020,0,0.0006484271744184442
29881,0,0.04714461511063954
10147,0,0.09431077261339246
31975,0,0.08663337830273132
23644,0,0.00847245913602977
2580,0,0.0006551810398477249
32527,1,0.9939200714750553
1600,0,0.059801726375974695
17934,0,0.04063795045613192
27321,1,0.488441573069543
23270,0,0.0006486504290614737
30007,0,0.021066515908768513
14982,0,0.2160352255006221
40603,0,0.10848942369104768
40688,0,0.012285424347154442
29503,0,0.031225316812566187
30913,0,0.014473432915358896
4216,0,0.10684255495507254
41364,0,0.09274189970522188
12145,1,0.6295938537285101
9599,0,0.4014962549436601
34400,0,0.042931798706940826
40741,0,0.14970320121921507
14872,0,0.0022772179030205496
19076,1,0.6754664940028698
4253,0,0.04981294801427955
39169,0,0.12540019005524353
9318,1,0.6228194016856067
14826,1,0.9834175684345974
17017,1,0.5183440911181011
32311,0,0.00307378301959119
37537,0,0.06585865806452064
41370,1,0.9889371682208292
24272,0,0.016852202170521975
41394,1,0.6260721177422188
13858,0,0.00749320588334612
12970,1,0.7592759521287678
43857,1,0.6505507984251861
45679,0,0.27179845894219334
7097,0,0.36086964549979905
48189,0,0.0004295503794393009
18116,0,0.1262483069591386
30173,0,0.027299349934704266
44285,0,0.00046548070509538566
333,0,0.009978318038195067
19186,0,0.006056147155623146
9168,0,0.3217375241897694
27723,0,0.0023335623924842083
11349,1,0.7517059843200784
30282,0,0.04183351859662249
37603,0,0.08407040751840654
34884,0,0.04393219703423489
43889,0,0.009533248864571036
31864,1,0.9908691148893795
16730,0,0.1826193897800117
1233,0,0.38959471092467507
29437,1,0.5714273835000009
32214,1,0.5917199486894622
32839,0,0.34179204345279257
4520,1,0.9944449527934102
24638,1,0.8227262640350629
25090,1,0.46629662988867887
48810,0,0.02328013585366494
6944,0,0.05806400955159816
25923,1,0.5467141646620315
40901,0,0.3949366884973321
5568,0,0.29173726684965934
17902,0,0.04475714975699754
35763,1,0.9938425346448997
45412,0,0.11746003074941
19686,1,0.6086805533315081
24972,0,0.06436908989498108
25385,0,0.000622476771285472
27584,1,0.5029951645674572
44838,0,0.018678675438746167
45728,0,0.29626603144665387
42315,0,0.06549930866774027
28424,0,0.19978087300174407
12209,0,0.05504191392633306
28710,0,0.038619621872652776
7516,0,0.27477260698670625
20319,1,0.6092648262032988
31256,1,0.9593706453484724
19659,0,0.0011668122982242514
27944,0,0.10347626402225132
33994,0,0.30631073572642
42300,1,0.9904928254063939
16182,1,0.4999255556248973
15036,0,0.022170938710740988
21736,0,0.0003259282450759541
21050,0,0.08137225847152008
28627,0,0.029126693015638676
30737,0,0.06390844953705999
12937,0,0.2533541270278296
38337,0,0.32338195645903783
7894,0,0.003490785049847447
12565,0,0.0042132155348995
14001,0,0.25360365321257067
7135,0,0.23861338787595368
44841,0,0.04110748231649977
35004,0,0.19748815585532903
14340,0,0.003488580580125462
9190,0,0.318482285735256
40797,0,0.16111996411637855
12401,1,0.8355510602111423
39844,0,0.39619744666482765
21582,0,0.0022331101997396527
665,0,0.0015283683264141097
25167,0,0.0011247840156522796
27020,0,0.002449151607827304
17594,0,0.019616982412132937
42040,0,0.004212850127281119
48812,0,0.1942586585573627
13507,0,0.11794260331637002
17868,0,0.1495250329436779
28896,1,0.9817891185578057
5713,0,0.06917970988163606
5012,0,0.0013765460017368
5504,0,0.004675271321691696
44058,0,0.03104196770401585
42115,0,0.06444182110476937
43461,0,0.12213876421456996
47428,0,0.0007604037486237317
37040,0,0.09364711537041136
45128,0,0.014152129498155808
22883,0,0.1135559965411363
47794,0,0.11794260331637002
15467,0,0.011133889590540257
47723,0,0.001879535034150509
28487,0,0.04490983891876389
1567,0,0.00836213300651867
44829,0,0.0012466456063397128
14519,0,0.20742348186888154
23919,0,0.0200980626784255
48375,0,0.00017699794403897866
18598,0,0.009912929450851805
45614,0,0.27545660201298733
5932,0,0.0496144321797798
35882,0,0.36065385789418847
48694,0,0.38065558307275926
2711,1,0.9781478223170661
39035,0,0.0002965508355651941
31652,0,0.10798774015833677
3169,0,0.0006947122704690545
44978,0,0.002656956958687382
41403,0,0.01006128505905831
5947,0,0.15003073510425377
6659,1,0.46497707549650313
33773,0,0.050789509683765006
36294,0,0.2670327044397201
32711,0,0.35894824407141324
40018,1,0.7108183535626456
35175,1,0.8126879801495284
2903,0,0.0017714983005737237
3367,1,0.9878421822793184
37027,0,0.41907481297215393
26389,0,0.010437613327615116
19388,0,0.0034692954212386445
14618,0,0.0017658316922828333
42940,1,0.6728690643423753
23015,0,0.0018890515690697326
14183,0,0.0004130754522666216
35719,0,0.15955453073483636
28327,1,0.9950571082923754
21248,0,0.170983775162872
34155,0,0.05438068767492142
38544,0,0.01933303215625062
20910,0,0.010090096606102696
38400,0,0.05285856101352052
28270,1,0.7063256170155141
45098,0,0.39264277999156294
39969,0,0.19519718592175014
38470,0,0.12620872111311587
27187,1,0.9935599354223509
37014,0,0.004585131050711819
27134,1,0.5998873909013156
26037,0,0.09014422738506445
16265,0,0.004534248036447129
25625,0,0.02096227056116769
41269,1,0.5817021492484195
17312,0,0.27318849526871375
36389,0,0.160453627384088
33803,0,0.22291680267362585
7842,0,0.05645181466605366
33266,0,0.007952928103607064
31064,1,0.893706167104428
41824,0,0.0017245941903122769
20392,1,0.6212229721723503
30038,0,0.000302042525290912
15632,0,0.043606205119838225
25540,0,0.0030650639746800075
37995,0,0.0017899082841159638
3654,0,0.041755671070917315
10424,1,0.9979098611471702
43855,0,0.22973034632366915
12681,1,0.6278522532554167
25459,0,0.007123752093065159
26634,0,0.0015813027746215808
13644,0,0.001174348473963153
46332,0,0.007056792666795073
27837,0,0.043044552982380316
27577,0,0.007706428577329688
41679,0,0.0006495949766026298
48598,0,0.05542071885617811
16308,1,0.46242011113961146
48611,0,0.38096987032819457
41202,0,0.10438664202146018
48399,0,0.07405694074833988
11637,0,0.005705616516504757
33901,0,0.029236765875099668
39668,0,0.02258859926653036
30521,0,0.23347137073138544
5866,1,0.8798050997049511
9059,0,0.04094919838155093
13269,1,0.8175934087338481
11547,0,0.0027901426243849775
46890,0,0.036062857686722946
13371,0,0.0651393895769213
9539,0,0.01738154312718522
29351,1,0.8673902648183421
20384,0,0.016271547406652875
32111,1,0.7554987361737601
30537,0,0.000861555957484475
18192,0,0.04661300187108353
10804,1,0.9257732240515675
7123,0,0.15054442589734954
44349,0,0.019929816095190473
8854,0,0.18631471429929966
5844,0,0.0015242369363771468
27105,0,0.0026102581885675516
18504,0,0.0007322653901950142
45060,0,0.3746109419629419
23021,0,0.11783681928930632
23407,0,0.0029348651347083365
3254,1,0.9920855389796022
17113,0,0.03249124100614694
48030,0,0.2010082425654638
36030,0,0.005413239669894306
5565,0,0.20227358870552584
30361,0,0.03219288814845948
21623,1,0.5461064622574332
24305,1,0.9984786159045123
40872,0,0.09915729440685854
10343,0,0.05001107600024894
39629,0,0.06117111783841898
11430,1,0.9858541969979524
20083,0,0.002283015520474059
42866,1,0.7014455303083187
40394,1,0.8042335144678746
8394,0,0.012498366174560484
6706,0,0.15039843183161422
20079,0,0.0033395168256586225
45539,0,0.24461390877695838
38674,0,0.4075514701195407
1176,0,0.0002883587405043822
31371,0,0.3526919675902103
28419,1,0.45575371393578695
6685,0,0.0016732862641160961
6180,0,0.003948299959064335
1004,0,0.03581491410039459
29982,0,0.4051374899373497
30339,0,0.0004961959288168466
43605,0,0.01019897866857394
33593,0,0.2519594740516346
5526,0,0.3946008924232542
44162,0,0.0037116526567016195
14741,0,0.012522421797261624
14476,0,0.3065815076526947
4818,1,0.43142245292861947
5554,0,0.20100087328407612
36870,0,0.17525593077905569
34310,1,0.509171453538317
20411,1,0.7432020926176425
43735,0,0.018418584121392457
41037,0,0.0014591089922994596
42114,0,0.009729716092367245
31681,0,0.3149854010181515
21299,1,0.8993208162887737
19177,0,0.013786873797211581
27810,1,0.9792892962581282
8648,0,0.007068125390950267
44390,0,0.33034101329119
39518,1,0.9537541627725828
15031,0,0.03188299781584387
31523,1,0.8525558339032956
29813,1,0.9970014161320273
31457,0,0.0014716328446734539
20215,0,0.3217375241897694
28557,1,0.42211171596929176
43956,0,0.039686989405158586
31494,0,0.006318537418007883
45353,0,0.037507959777030364
6179,0,0.09000446432261937
35972,0,0.0057471533909042105
25316,1,0.6682305721526772
13175,1,0.7047439035586932
18686,0,0.09640502081134164
27779,0,0.004489385137236965
4670,0,0.402370979070529
477,0,0.3531530187582704
25284,0,0.0008382317397118021
5646,1,0.6340047375973957
7919,1,0.9976851822797209
43376,1,0.9976478343698507
15143,0,0.008039434914323535
32383,0,0.05082986109088839
13414,0,0.10106730756607406
1942,0,0.018295758141894124
42107,1,0.7864923208877054
9695,0,0.004316500641725023
25691,0,0.0075644986644545
14385,1,0.7384063071008985
41760,0,0.012388261472611711
48119,0,0.0005712263235634517
16719,1,0.5576536122307375
30328,1,0.5662030607745381
22803,1,0.5295457484781212
29450,0,0.006351632019501362
41671,1,0.9946136339147355
24247,0,0.22370225363366011
26116,0,0.15100351283551197
16811,0,0.2418990685051528
46422,0,0.0008151786199500198
44647,1,0.9986196067457118
22911,0,0.00047311863092752796
30075,0,0.007717731887971842
31125,0,0.13822416581949856
27352,0,0.060171331094289945
41719,0,0.003015383343968281
25618,0,0.00615663870723836
14075,1,0.9912175124952283
3987,1,0.9696768919543108
18201,1,0.9631567196236331
1902,0,0.016193361784443496
41380,1,0.9979163976601391
36196,0,0.39165157254025007
33332,1,0.7034797937928409
12005,1,0.44477620097277476
20497,1,0.612926340663257
7290,0,0.3132497270138561
26938,0,0.02044246713409318
31663,1,0.5387789053070365
45847,0,0.0009705368658008454
33297,1,0.727725190767982
8859,1,0.6686477283485713
41390,0,0.029815230056239525
35079,0,0.0193682769352527
1115,0,0.13876181780333702
37274,0,0.3952036252788477
455,0,0.022974684665704525
19236,0,0.03918179994946863
42124,0,0.0023374232063294205
40683,0,0.0012660749084050821
12672,1,0.8706055298039453
42685,0,0.0008396228353460758
5071,0,0.018836108942577052
34111,0,0.022303409761922858
37243,0,0.130032203042293
41739,1,0.9938617346475127
9274,1,0.6681879321753829
34459,1,0.8289887184486684
19786,0,0.14076237607507872
30589,0,0.00022857453076237532
39142,1,0.9975375643845847
35221,0,0.10821750505539404
43602,0,0.08005230578551545
39037,0,0.34239587050581743
3291,1,0.9980350079693039
2997,0,0.07539108551342558
32204,0,0.21092428162449608
30879,0,0.07517434345601053
20764,0,0.00024644942835578995
44221,0,0.027869462976555275
7948,0,0.0009246988791389876
12515,0,0.0013013205692806603
6263,1,0.9890557442844258
3618,0,0.0007774141613249085
30279,0,0.15085064909834528
43491,1,0.595875519979539
44699,0,0.05806157012992361
48449,1,0.7951756002410257
17820,0,0.12988645525315573
10927,1,0.9690372458454501
39985,1,0.7945706180607361
36140,0,0.010868469596286453
24775,0,0.006055415282531274
13095,0,0.000506560777214405
20202,0,0.0006226734777306051
8141,0,0.0010314416762595973
5505,0,0.303889390864044
39702,1,0.9911709531962478
47896,0,0.14132553874018897
33287,1,0.6770187795321537
28341,0,0.010484641422085685
44175,0,0.0008420069209723709
30604,0,0.02665567542889212
2532,0,0.11299163818512267
8678,0,0.05919727676129971
28053,1,0.6195978584141116
23949,0,0.09022754073487514
851,0,0.29222911230604864
26186,0,0.005272875264429904
1812,0,0.000319302583168
5261,0,0.027811938543610894
5378,0,0.27117220537246295
23934,0,0.10724534681417024
5995,0,0.0025369547680996326
10127,1,0.9608599668546887
31102,0,0.0003976771461417107
8249,0,0.17732417108035586
5734,0,0.19614508134705735
48802,0,0.028394354301856172
23559,0,0.13082523253065653
30288,1,0.9965478173351765
13506,1,0.6346369876430332
5922,0,0.023508024763548244
1656,1,0.9987518851098486
29870,1,0.9824396071095658
6955,0,0.08409765222320621
41395,1,0.9882057777695419
21434,0,0.03259586256181037
13672,0,0.14856989593172298
29535,0,0.0002991311104572762
32110,0,0.15171384508964542
41017,0,0.0008062573828703642
27630,1,0.622707786302202
36874,0,0.004731591888020784
4741,0,0.00036492624149426454
28120,0,0.0226059531869992
40846,0,0.057957238288245824
4363,1,0.5361256297302297
39317,0,0.036698405453477544
26481,0,0.11674662445133577
13701,0,0.018691655360693043
46599,0,0.034793543092003845
27755,0,0.1739606351005375
26530,1,0.9940798920201541
39250,0,0.3010395397016275
48690,0,0.005560125904170624
35135,0,0.005888094559247447
31572,0,0.0016504059975612875
5090,0,0.0023120789133398464
22426,1,0.5086049397168029
33027,0,0.2420353531128731
47433,0,0.0036470034941905
45983,1,0.9938024228905133
29786,0,0.003634431483161943
21455,0,0.06679907069889995
26561,1,0.9179082330315856
44927,1,0.4415352935746262
12948,0,0.018364486264440805
25892,0,0.0002883376310157724
19927,1,0.5589443316207823
7113,0,0.022734345557403814
43922,0,0.08435961223717132
46492,0,0.30748537433007217
502,0,0.000619624363121312
43263,0,0.00020870159826456904
45838,0,0.31835235297512704
6309,0,0.35897001046600874
27674,0,0.016857076589099167
12365,1,0.6201074067438171
44498,0,0.0066558978193324405
6688,1,0.7926534562473236
41632,1,0.9925345831669234
42523,0,0.011043117866268836
12359,0,0.0006186778718607866
17019,0,0.179195407302923
20249,0,0.0017334728834579479
2594,0,0.06770821252508687
13539,0,0.03521514763869364
42765,1,0.9989516916962234
9619,1,0.4220916926743231
14204,0,0.04277961469549069
11639,0,0.3268286458476135
2117,0,0.005653518645157746
3036,0,0.001981438559244523
13898,1,0.5933438737953535
9926,0,0.021404067871738014
9847,0,0.004145909739186307
34343,0,0.004452247784082135
32958,1,0.9962919263570382
2386,0,0.1675672376475702
23009,0,0.09603155547484611
19392,0,0.06800567795622275
1901,0,0.3060989319487382
15626,0,0.23347514406301967
14506,1,0.6162521733846048
48018,0,0.010197350895390088
18702,0,0.028951811365902597
6523,0,0.06457823086943465
7278,0,0.0013818736343016193
37340,0,0.4019465932106198
24158,0,0.15449851943635087
35846,1,0.5132097609749184
13746,0,0.0030650639746800075
43037,0,0.18086392572693674
47999,0,0.0395688896335842
33186,0,0.15567037227610406
47816,0,0.30340207710628186
11898,0,0.011068483202338901
8298,0,0.03606591364442272
14322,0,0.033419779797995035
29035,0,0.0014147898470339003
43407,1,0.6164242193248087
40127,0,0.0002970390366881972
47890,0,0.1865470446469178
31344,1,0.4459824160059231
31323,0,0.0009246988791389876
20255,0,0.03140048513498152
30969,0,0.08060332232323363
13459,0,0.010464203125861523
43128,0,0.0021665532211461755
38867,1,0.448355866148188
43952,1,0.9975909361634262
22347,0,0.08896684099777623
2494,0,0.01131103955114987
19244,0,0.03149963730090544
32034,1,0.9243700756513439
9849,1,0.6654106172112535
22600,0,0.16783638409300802
12349,0,0.21037023428276533
34254,1,0.4692694514596699
6986,0,0.1222393856918603
28099,0,0.3972159923120456
331,0,0.27477260698670625
21116,0,0.09048221675099823
10874,1,0.9975296878064751
42127,0,0.04279791122448283
16276,0,0.02885127915015725
19719,1,0.9336650560707577
18719,0,0.03169173131749288
46608,0,0.07094310656096256
18037,0,0.0017945821509622836
32861,0,0.07899869709269011
31405,1,0.4838059712371128
1604,0,0.0010528297489935605
4884,0,0.004655626728439105
40463,0,0.0005718954290358042
24251,1,0.9744862039855979
36315,0,0.016187898528005916
29197,0,0.08911200228167146
38925,0,0.013891528679091452
18043,1,0.5089529278428365
11033,0,0.016678870143804165
20580,0,0.06608165903754501
12996,0,0.03752167683050092
21941,0,0.03025380318574749
35195,1,0.647932939983514
46463,0,0.2206288506819906
25304,0,0.01759546760492951
46447,0,0.009915112759923614
24896,0,0.005766337118393351
30171,0,0.02584097129594039
3738,0,0.011472905904038752
7626,0,0.11457432956989996
12031,0,0.0017125176212210538
31331,0,0.002580309402846525
20072,0,0.004137929927134214
29849,0,0.000993699461497017
39376,0,0.014568427694514559
25086,0,0.009838245534659378
25857,0,0.024624890373270678
5748,0,0.2575892669485849
28602,0,0.0007959219114464054
35464,0,0.0010092761607544158
29980,1,0.7081491466521245
30382,0,0.06113841915039246
16001,0,0.01420246952266146
19699,0,0.0008659945718490007
32512,0,0.004598780771389601
41193,0,0.0014700846465119605
39804,0,0.008942253712968912
17272,0,0.2526115288580254
46634,0,0.014429888513544258
34206,0,0.004498938769138457
30059,0,0.0057657772144623365
13749,0,0.0039139311843522945
7781,1,0.8265298814161051
15869,0,0.2073717246277364
48780,0,0.017355187058094974
13180,1,0.9115049304857127
41291,0,0.39108716722142456
1283,0,0.005201740534598588
1585,0,0.020098259940933876
4581,1,0.4501667426680222
14024,0,0.2456490389141503
21451,0,0.001050173015845052
48779,1,0.6936362722434366
23209,0,0.14864788330891582
30878,0,0.001077695065421469
45279,1,0.6266503356841098
40616,0,0.27577363195414706
15498,0,0.004301992896671515
43114,0,0.32207133372984775
43553,0,0.025665787444520586
46972,0,0.006419374925197699
1119,0,0.011944793546297116
31200,1,0.9962897344351779
11735,0,0.09031255296454083
6421,1,0.584400227453834
1591,1,0.484323519064301
2864,0,0.02266469693863999
35881,0,0.022099850445506383
34797,1,0.7554987361737601
21532,0,0.13178709111448159
44401,1,0.8477355561955077
645,0,0.2989019213980925
39458,1,0.6337759291266922
26154,0,0.19564654907116555
17723,0,0.113580173320452
27958,0,0.15853840040988254
37460,0,0.15492687073977318
28018,0,0.14716236069313293
42129,0,0.028929422270975926
1220,0,0.030311129854746204
2005,0,0.3076018724105477
29170,0,0.1500893535130777
4505,1,0.5372436842234714
36166,0,0.07889736773505546
47720,0,0.0027204552212984514
16876,0,0.211149686253841
20306,0,0.0010745098908352482
30394,0,0.05861886339411882
2875,0,0.007157520279559254
38254,0,0.022404309706454028
35576,0,0.007314271133167094
37911,0,0.009209170059097974
20019,0,0.0010097854968943909
47909,0,0.028297039988284384
21594,0,0.0016118847308682833
12751,0,0.0008599387711346783
2768,0,0.2404671540750014
30093,0,0.0008468639860175108
12010,0,0.022972515237948105
32546,1,0.912280757400221
2464,0,0.007139569343550467
11633,0,0.0015935654186591533
40396,1,0.6422740504332995
31164,1,0.45365702648215606
45573,0,0.0012363363991757033
14444,0,0.11616363402705614
37602,1,0.5010160835368924
9304,0,0.044291744528124656
17395,0,0.0004881149410562297
1123,0,0.00974009604523876
629,1,0.6863034023184061
22282,0,0.001129424364366881
4525,0,0.037214927428358434
9119,0,0.0413621848082082
12432,0,0.026896468807658495
26472,0,0.29871370173352113
13748,0,0.2917646661223179
41124,0,0.008380191711990153
44073,0,0.013789661747273883
47336,0,0.00029108364465965387
44238,0,0.00014121884216701527
4449,0,0.3218113428741509
27871,0,0.067211705280212
26782,0,0.00861019108158987
19328,1,0.43910086574263585
17480,0,0.0018081394908043232
20490,0,0.3258179546328292
15254,1,0.8199163934170984
33275,0,0.0018027876299000734
10531,0,0.00810849076092418
470,0,0.000635670774709375
12628,1,0.9077638154381854
46857,1,0.7433365853774939
38047,0,0.14901930919265607
3759,0,0.3801595608508212
950,0,0.026444145502191284
32505,0,0.19985769524546143
10060,1,0.8090885791571892
17578,0,0.007703216496467859
41641,0,0.17073643020532733
25178,1,0.7481352403561435
11073,0,0.006947346000778792
37441,0,0.32176038744097263
47193,1,0.740729004822952
8876,1,0.6481498436748104
45209,0,0.2665850883009687
42926,0,0.0008223114249396977
24052,0,0.0022286457818615642
27792,1,0.9991466591142022
4746,1,0.9770161419652225
23187,0,0.4077953416036546
44183,1,0.5561054534104874
46091,1,0.6474721526725614
37705,0,0.11254739133158252
13096,0,0.1326688661637891
32667,1,0.6446613889561057
8239,0,0.04228532040457483
46085,0,0.027675445191681584
47900,0,0.02850030361515342
38625,0,0.06468871378454004
1711,1,0.9831085595696808
45347,1,0.6359506098664559
4623,0,0.38515233418335715
28613,1,0.7896650161778629
25394,1,0.7357507284219119
31112,0,0.012875764793936048
26497,0,0.29533962532382485
17504,1,0.7794812435748341
45896,1,0.8648440614837191
43876,1,0.7711146320210677
44590,0,0.04546944050109254
36761,0,0.13026616617184164
14238,1,0.4649568050264279
39632,0,0.048827334683633296
30928,1,0.7110566986827476
34467,0,0.35898503395104703
22915,0,0.028755893026230578
843,0,0.0015194899950931853
29949,1,0.6292168248498856
8898,0,0.04058418158474284
26853,0,0.4110518178347962
37507,1,0.743717246927654
35703,0,0.37916138737341754
18925,0,0.04163242689305009
12371,0,0.0017818926640388374
19215,0,0.0035262246016670162
48315,0,0.016566576293265703
26131,1,0.5747606409020304
32614,0,0.005693585065207263
43637,1,0.7916523398939346
19789,0,0.09889663799678976
47563,0,0.06759450457194878
28076,0,0.10322193268648164
12484,0,0.0062095423674608284
7680,0,0.0013156581777405054
22763,0,0.24598511123579836
29079,0,0.00041400970466130225
39157,0,0.0016986016275541613
48746,0,0.007354348244030513
18397,1,0.5382075764037823
45601,0,0.17989128320983988
40271,0,0.012281771269692624
6416,0,0.04004951851265616
43175,0,0.039302407092381975
15846,1,0.6915159738193634
2186,1,0.44081820442623165
45010,0,0.37910790528135857
36312,0,0.0013820354068574373
35676,0,0.03460115040203966
4983,1,0.9805607822219887
7213,1,0.9922924358770779
25640,0,0.004859826310321099
18378,0,0.027125685000428734
25287,1,0.4892574297165603
39302,0,0.17416149497147532
18809,0,0.055466055117085494
7461,1,0.454067956485165
19790,0,0.0026264676495195106
1508,1,0.8234447737759945
44629,1,0.8198034476254793
33324,0,0.1888415003933769
36350,0,0.0155476057375908
38772,0,0.004212309139710668
23319,1,0.9841646072868768
3017,0,0.0023642047263000366
11301,0,0.2260544945684707
12155,0,0.0158222498285638
3403,0,0.10964734767020845
12288,1,0.9947849257455373
36900,0,0.02019986454919615
41877,1,0.7089077639720458
20171,0,0.002207076305946937
16729,0,0.034520933087030636
15191,0,0.06487921848579142
7880,0,0.0067384259959099085
41821,0,0.001077695065421469
42873,0,0.01046272320920301
19713,0,0.013811791320460379
33094,0,0.01905325898985648
38889,0,0.25225137219097415
38480,1,0.9940564808886169
15598,0,0.31522985175049417
45785,0,0.15157847517515663
33684,0,0.012404823457816534
2361,0,0.3646729169150366
18662,0,0.30748537433007217
5529,0,0.40927090954730155
16387,0,0.005155402342107383
14876,0,0.06795857975836381
43081,0,0.10132465490961498
26407,0,0.09755033297315749
40473,0,0.09048221675099823
32672,0,0.07406050508679438
18308,0,0.3652976318850311
44967,1,0.9759097040077844
8386,0,0.27427650667537584
11620,0,0.4005699500932677
12038,0,0.3921761885851444
43766,1,0.7118142287269652
14751,0,0.03646404187525686
35890,0,0.010052713783856096
24848,0,0.0015935654186591533
47989,0,0.03456707821021139
34355,1,0.5771051189275169
26198,1,0.4882720394702014
3781,1,0.9688076309536798
43158,0,0.2162053587506067
21803,0,0.0099666292432567
1537,0,0.008735718104515329
35684,0,0.0001798151112226848
4040,0,0.0952919558469445
6419,0,0.000555521708047262
13688,0,0.1863191304793201
25482,0,0.05961038832053293
34281,1,0.9787267347417534
44519,0,0.0417645886752919
31606,0,0.00031606470074982575
11128,1,0.7607463637722742
1164,0,0.03394253442270707
18300,0,0.0005686758293262065
42186,0,0.12138403261830769
2742,0,0.08372740025686971
47545,0,0.050849086578903684
9738,0,0.000174785154442848
8900,0,0.15462536678930336
21620,0,0.00590648509493442
32525,0,0.006672809975441606
13343,1,0.634418381348195
18467,0,0.06616828354152214
24207,0,0.01942201785987305
28094,1,0.9568936702178439
19636,0,0.033556235565486765
19003,0,0.0006685674776392392
36497,0,0.336986875280843
37448,0,0.003412751598148309
41020,0,0.02089141680494499
26861,0,0.25746570837793387
36044,0,0.0011073809386254157
20627,0,0.0011997045853107688
47813,1,0.45775366056052524
20719,1,0.7629764827778329
14112,0,0.0004863070910389438
986,0,0.07006359256117363
11618,1,0.9728492010900287
35347,1,0.46284400151783944
25486,0,0.009779190385284965
35638,0,0.05561649951396557
39817,0,0.02084556990537095
35501,1,0.5002689855567436
21580,0,0.045156948320733824
35131,1,0.9849601506561975
19574,0,0.009557421004498889
28062,0,0.017054259420723642
35965,0,0.03298514733093395
13586,1,0.995511277278877
25277,0,0.001832718604887434
13714,0,0.006270030093182116
7892,0,0.04426455580742741
20984,0,0.07721042923328655
16581,0,0.001981438559244523
4036,0,0.23793412507014955
41144,1,0.9178444099691773
36005,1,0.9803298769384851
42150,0,0.0036071456781566484
40951,1,0.6035601086270468
6652,0,0.3136320532940456
20213,0,0.0017967846554180172
29046,0,0.004012645628801942
7285,0,0.23935422021080255
15133,0,0.025697495202648152
20669,0,0.034737231489625695
47218,0,0.4047983574036086
28572,0,0.00019786605830148397
25671,0,0.14503333692892387
47205,1,0.5083011898803969
46779,1,0.9987420257567726
28453,0,0.0034775553101446498
23301,0,0.008660942603556857
21971,1,0.7270926715131365
29423,0,0.004799444958912926
33858,0,0.009183707163372263
31365,0,0.3196495591086658
22622,0,0.009626611898330617
21026,0,0.13097358176404347
41646,0,0.0004368282477681351
2009,0,0.002872418819229364
33860,0,0.38871258695083555
23377,0,0.00025800657096230995
48358,0,0.00274178312921831
47886,0,0.2767068527131938
14442,0,0.3817137056718433
43477,0,0.004235711602287371
13823,0,0.36395036837789835
30325,0,0.0011350735381685823
11338,0,0.0018241504501169104
10982,0,0.022162724747377904
37112,0,0.023436828822627456
15700,1,0.4484561636368172
20834,0,0.00497871117274604
33600,0,0.22735527439925834
17837,1,0.7639913588441534
43790,0,0.258323077399014
30002,1,0.9233052426243835
16357,1,0.4553484350210658
16085,1,0.5150298678762459
16691,0,0.005457736915540149
20921,0,0.16952047820511978
19491,1,0.9813259532100013
47844,1,0.5014695538703382
46569,0,0.3055617071331121
40677,1,0.9786463568190477
29841,0,0.31835235297512704
33525,0,0.00847720315456664
33463,0,0.2173947602601339
19806,0,0.0008492352797328485
28509,1,0.5950936306319606
6267,1,0.6023623791876895
12142,0,0.003278376548779402
45647,1,0.5049245376731122
38178,0,0.0019406168416226939
26306,1,0.7708063817866511
42342,0,0.025468504060247726
315,0,0.19587726590993385
45355,0,0.24277789105501452
11307,1,0.507870868803229
6940,1,0.9907700833582165
8791,1,0.7583944867698291
31862,0,0.013710872522747395
39784,0,0.002844818892499533
29915,0,0.0194586765349362
43266,0,0.08424370086306601
44537,1,0.5815413868025848
15225,0,0.01073122626850789
12489,1,0.4752382452385151
48499,0,0.0015826128073353448
44948,0,0.004048806255998147
1705,0,0.005474645058953623
48609,0,0.2699344312464781
11791,0,0.3913294524893047
43588,1,0.9859734381565904
18173,0,0.016188525375152304
21957,0,0.10586674043512233
33699,1,0.5659402666129124
342,0,0.00013150582251209527
25031,0,0.0004266624532069045
29729,0,0.0017118586578883212
39047,0,0.0017151158461522337
26362,0,0.1505434532560573
6367,0,0.0007510711701840418
13973,0,0.004119248351125357
22984,0,0.16565263490882734
17538,0,0.04125560869738954
14645,0,0.007787576145543356
19225,0,0.07331817266143485
20511,0,0.007244127804026703
32074,0,0.000329082916001401
3378,1,0.5534846596223567
36091,0,0.05594546132083356
31141,1,0.5996449789195749
32660,0,0.4077308310338497
30477,0,0.1987917233975666
35230,0,0.17065000296624103
5396,0,0.3258179546328292
3223,0,0.2770854659539062
34393,1,0.4894954688392477
10244,0,0.0029642274687064723
28595,0,0.004643249473438548
6355,0,0.09789748005245466
45475,0,0.0011624005766970426
34735,0,0.000622476771285472
42303,1,0.680079466658113
44896,1,0.8671601362655271
11070,0,0.04721162827855783
15128,1,0.9852696745614488
11731,0,0.1452625181185277
45201,0,0.036900183283920564
39390,1,0.6477321941300882
33855,0,0.000889007091150696
23338,0,0.0006410127591144979
9421,1,0.9955530692485886
32256,0,0.0003322515364603846
11445,0,0.009818225296975694
38551,0,0.2590767274038451
31831,0,0.3052772170515337
14447,0,0.29366900270421764
23781,0,0.1400829276464678
25912,0,0.20651522775098607
43811,1,0.5203594307786712
37337,0,0.0018025328600961778
40475,1,0.998824999456008
17645,0,0.0007586112145611418
23522,0,0.009134843426488815
7801,0,0.0017440763612772648
21300,1,0.7138040085584456
13760,0,0.043706791547348016
17968,1,0.7972401176452021
10309,0,0.03773226793331934
33251,0,0.0037269701154795296
46843,0,0.0006863138072146295
47390,0,0.07842678274815645
20339,0,0.3920337362534046
17091,0,0.031015087469338076
28472,0,0.00306387796899969
33202,0,0.0013395353364504942
27594,0,0.0025483357086944058
7391,1,0.593997575546528
3181,1,0.9728807412075507
12711,0,0.3214304813576701
47672,0,0.08044549131219866
47885,1,0.6735984489177549
25546,0,0.004497292143029712
24869,0,0.0004949428421425381
15633,0,0.04248369885032717
14166,0,0.0010958149370089347
1986,0,0.012355672149931907
14147,1,0.8918186444633021
7504,0,0.39697065366174594
24448,0,0.21725176473554006
43494,1,0.5389483259350989
4265,0,0.006551975505695668
13034,0,0.11113273765698747
42465,0,0.05061506839728012
17920,0,0.34356551247595574
41979,0,0.1772653479183676
44449,0,0.008567729371226965
37993,1,0.42502214713559433
29473,1,0.5251774757532776
31658,0,0.00019603445652158314
8905,0,0.16170133764784542
8410,0,0.3594399086986778
40913,0,0.04170657452213991
27260,0,0.11457266000341079
13421,0,0.01109054814535535
37963,0,0.0014241907857400265
29563,1,0.9930318786915544
39240,0,0.0015955724467114157
31475,0,0.2586593305915644
2981,0,0.06881885026187975
145,0,0.0033477401075191894
6393,0,0.2584230194131173
42118,1,0.8010813396842197
168,0,0.0009933216866135153
23078,0,0.01423869605542969
8583,0,0.0337228216717275
20960,1,0.933968217342424
38686,0,0.25480383880349566
46786,0,0.011130118531389595
1641,0,0.3118598349831609
19691,0,0.005531046626525521
9633,0,0.0023765441377395107
17083,1,0.866359686409763
29230,1,0.9941362619366136
34640,1,0.9922622510859274
45054,0,0.0003323148379764544
40868,0,0.13189982247745113
27185,0,0.04716102857919549
16704,0,0.0029657268602412044
36713,0,0.005559925781469655
47289,0,0.39606527686473925
565,0,0.03905847381173863
46545,0,0.009641102018932179
47586,0,0.33721228055827623
42228,0,0.0015750226638743467
18225,0,0.004383536927249678
4846,0,0.05381084279901537
38255,0,0.07033182343044138
24906,0,0.03270710834305011
38590,0,0.008921281810805398
7041,0,0.09501283179414599
43340,1,0.5329348217330364
15745,1,0.7701177604294503
32148,0,0.07378525276069052
6017,1,0.5052591144315348
29357,0,0.004357544610035466
35642,0,0.02808625696407327
34654,0,0.0685610267231753
45149,1,0.9824054997310075
36317,0,0.02913294401582994
15055,0,0.15727960138019248
37909,0,0.40409653687411934
19027,1,0.47327610640285467
16543,1,0.49260301591071326
36690,0,0.0998542378579838
27667,1,0.6796805476486266
42807,1,0.6049117617836643
5237,1,0.4278238386867693
21366,0,0.16917941909521725
37412,0,0.3550007187604608
41477,0,0.2771968192690353
16702,0,0.05726455435728445
41553,1,0.45733250158038113
27275,1,0.5259402785760887
13811,0,0.15170768057645073
4352,0,0.016662812210069145
28692,0,0.02224051047086184
4169,1,0.4697941864163778
19887,1,0.989563010073502
46203,1,0.7311986443674827
39612,0,0.27186692084967795
46546,0,0.00403839910867122
48331,1,0.6395844786524972
39739,0,0.1103111643566354
32101,0,0.0033448018632995635
33163,0,0.0003989264546209927
9294,1,0.5559200793962937
5246,0,0.06865443698417245
25312,0,0.3851435955282272
11125,0,0.004766017025712083
11119,0,0.1537026346448463
29771,1,0.9754111154232367
35277,1,0.7050233833041829
28863,0,0.01788104674371152
15786,1,0.46986849866619274
22324,0,0.05507846240010141
34256,0,0.27242873539006346
2529,1,0.5982485437616205
17396,0,0.0706216965087882
31791,0,0.18342379208230794
26546,1,0.5027931458573474
19414,0,0.00413154140720749
6432,1,0.675033149771063
400,0,0.006369769177852817
8878,0,0.002241199233642293
47129,0,0.0028983672804877977
30213,1,0.46778128886210846
47007,0,0.21895205428652195
15573,0,0.11532619850201947
2562,0,0.002699444575501498
8660,0,0.0012202767087030576
32518,0,0.010356807022271285
43231,0,0.09509002933348325
34773,0,0.0006349370449195898
37151,1,0.8379045524737889
31727,0,0.19056753784674232
44236,0,0.018512687773612528
24920,0,0.07816617699516194
40705,0,0.000622476771285472
31549,0,0.22398268938836954
38930,0,0.0012363363991757033
31845,0,0.020006630556393627
30043,0,0.007643166619715032
31060,0,0.0003857726200652171
2442,0,0.11421880037147103
31610,0,0.0026944380298038226
26816,0,0.007477636408802378
3571,0,0.37853696725940306
29409,0,0.006496683258870805
31989,0,0.001359959647282202
38200,1,0.7841806910144639
28365,0,0.002332426199091159
14553,0,0.1615256020500894
23390,0,0.001340798836135949
5755,0,0.0027608872097779494
32975,0,0.030535104491347404
21146,0,0.0040410552157586115
44259,0,0.01760236384879735
3940,0,0.32544286170894354
10164,0,0.001969545674030781
36601,0,0.10602816583078464
30645,1,0.5040727279157278
17433,0,0.0007177892380616456
28407,0,0.32636924801284467
29663,0,0.0028280988372891874
36775,0,0.0942686383456094
14886,0,0.22630194627077652
44013,0,0.023848463978743854
15758,0,0.09713565145659771
35247,0,0.005053513203763781
18120,1,0.7418714523412202
16922,0,0.27324497819675275
46446,1,0.45327455365556285
26230,1,0.5452054884997073
9226,1,0.5765882738453065
34720,1,0.4336951096895152
1793,0,0.0017961284514342326
16923,0,0.3658820554789121
41699,0,0.048261626190894275
10545,1,0.4391285875488536
9723,0,0.06210122623625095
11666,0,0.035704571124090256
32387,0,0.004949412463734293
40169,0,0.3121748845468839
9554,0,0.00019221597674455942
17241,0,0.0005025158788970983
15501,1,0.6083865553142648
46079,0,0.01961807166732141
29911,0,0.0005929276893128942
44310,0,0.34949373138888545
3605,0,0.024914361842956343
1163,0,0.007412906807374425
16498,0,0.011619978213731542
10280,0,0.0016121843052996393
5276,1,0.9877833953180043
29689,0,0.031095479153759324
26210,0,0.14662527424222999
3155,0,0.007022988366547452
21776,0,0.30525637610998124
40855,0,0.04534405250638965
39745,1,0.43849222644678704
36118,0,0.27189899359104147
41136,0,0.000609369795956045
7307,0,0.0004966584677173399
18893,0,0.0003977785401041043
38829,1,0.4382517173815633
39835,0,0.0012363363991757033
2183,0,0.011742647849392607
5795,0,0.33256972866466133
6568,0,0.001601500518944155
21450,0,0.05585818651788412
22439,0,0.07044470605406025
726,0,0.06928807188847462
31968,0,0.019263026868186955
40836,0,0.39022640193805436
34406,0,0.31835235297512704
45751,0,0.0072859126123512395
23434,0,0.12774052557867163
12575,0,0.013379449877200755
36882,0,0.007820887238203266
8781,0,0.1847911839031569
37878,1,0.9650699430995803
18011,0,0.06217776814435533
45674,1,0.6191201811784574
12995,0,0.021325119781725674
31364,0,0.2819880929991017
4963,0,0.020422842813634625
42709,0,0.2583142023591377
36376,0,0.0016947988762629975
45323,0,0.21834632369573437
16090,0,0.27630250237747594
41315,1,0.7020625366833192
30465,0,0.0033638128639937354
38364,0,0.19530140726062314
18904,0,0.009916511875662967
7653,0,0.027293997026474528
34045,1,0.4415141800735109
21318,0,0.32353910896332355
14364,0,0.004694952206516311
46738,0,0.0006349370449195898
2575,1,0.8857696163301878
26866,0,0.0034169426911850966
7668,1,0.891275815230897
4121,0,0.002771959322105613
15713,0,0.08092033572711396
20263,0,0.0004038796899356272
30573,0,0.009929774434765072
6893,1,0.8217785042438849
6294,0,0.3919288813376111
45584,0,0.0003911470730546691
18336,0,0.4046975485638422
5926,0,0.03022455649881523
34672,0,0.0719821893952571
20716,0,0.014735176942179525
47379,0,0.04681890474835616
23243,0,0.0018438945617939892
9737,0,0.011963095600347336
5397,0,0.05076323269633869
43716,0,0.02129541349972678
20296,0,0.0008763741876601636
45522,0,0.001110356290117755
9962,0,0.10555841851914546
46872,0,0.0724681021163199
47679,0,0.0021386391328238807
3768,1,0.6231296337571836
32049,1,0.5994664201161909
35527,0,0.036693874884736896
16840,0,0.0016918084112352689
3752,0,0.053519554990415934
19453,0,0.00045964611584054746
44695,1,0.48910109580397687
2852,0,0.05936142757569023
30853,0,0.0006382850910506596
12213,0,0.014804988394624349
37655,0,0.38178556493714644
5875,0,0.0038042265387430605
24345,1,0.7816692868029101
11906,0,0.007623945251229545
17771,0,0.031267004396883416
44253,0,0.0024269290683508614
35588,0,0.0009858401891151031
44207,0,0.024076057425886508
31489,0,0.0432248475571475
3920,0,0.021159609887726492
10540,1,0.47730355313488687
22773,0,0.09509002933348325
46228,1,0.48910109580397687
29089,0,0.3425192553625251
4514,0,0.13115504863486296
32208,0,0.0012359013975300408
19583,0,0.24423102736892532
36050,0,0.0019723741648806515
27175,0,0.39464152439735656
31084,0,0.041418148229987774
25951,0,0.002640972268558342
12669,0,0.0207895171321956
2214,1,0.7451207847204564
12513,0,0.00026007514478741786
45116,0,0.3528027343580865
24267,0,0.030660840294116563
33034,1,0.9590502378493743
47966,1,0.550759867973004
610,0,0.15976041749696335
41599,0,0.024900862348425198
28574,0,0.05108805430506915
20920,0,0.16796425870625464
18770,0,0.3526919675902103
36931,0,0.0018877218990709802
39472,0,0.3136320532940456
4247,0,0.0006012931712817434
13308,0,0.00043784018074068267
3280,0,0.028335027160473352
46694,0,0.023959065132775157
45914,0,0.21146513975991668
7065,1,0.5559670510230823
28451,1,0.6513959514381417
14362,1,0.9862128075353785
16815,1,0.8222171748975813
32777,0,0.002461864513326938
1645,0,0.34018943016585523
47893,0,0.25332522770096133
10599,0,0.00022553794487247263
9271,0,0.03279005297242291
34670,0,0.027622935754794128
12791,0,0.00026327795602910513
35260,0,0.022303409761922858
36282,1,0.7339620777712818
485,1,0.6552614345122272
22896,1,0.9954542626036752
14846,0,0.0006183674290002918
44042,0,0.000365277859663572
38534,0,0.013142616487013413
16870,0,0.3046611619741607
10172,0,0.0026081910152912446
4885,0,0.21038005522254286
14658,0,0.06660656371176898
21262,0,0.17583505365618382
22979,0,0.0003983201323391208
8024,0,0.2294064476448173
38570,0,0.005063884055195334
4456,0,0.0004230047323655444
26199,0,0.2669657768410321
43064,0,0.3441116850723633
21610,0,0.01249784895555678
29471,0,0.01974177642124336
25142,0,0.026135667861911953
47252,0,0.07085144125029315
3611,1,0.4283505588119993
3495,1,0.5149066719786217
44392,1,0.6186781172894359
45075,0,0.03773226793331934
29186,1,0.5828576494031726
29936,0,0.0036281860701857693
12859,0,0.4122989498946233
21697,0,0.02878717259494596
33578,0,0.2876238780184444
16419,0,0.004488236394737619
42539,0,0.0015917277687008864
9283,0,0.0002446522463753069
1227,0,0.0018506296883489767
36849,0,0.02782811555829811
47227,0,0.021112653349032798
42341,0,0.002421099910608896
11066,0,0.005717950510859112
30428,1,0.7760064286654812
47891,0,0.15252314514517623
278,1,0.46823227636480624
19131,0,0.002905198615153419
10119,1,0.8013366956031913
42242,0,0.1786748617399504
7365,1,0.9612076280383441
854,0,0.08082116354573379
19794,0,0.00456877134238025
16430,0,0.055136252397537146
9460,0,0.0003708213643288388
6430,0,0.0002976525567749844
46884,0,0.0018593541127769277
1571,0,0.030687386785794437
32766,1,0.6511637214089069
3037,1,0.5559670510230823
12152,1,0.46379603205133557
885,0,0.26348181431867346
25207,1,0.44209860722123645
16630,1,0.9928993255907631
38061,1,0.5709774896259813
38474,0,0.2488789415259405
28135,0,0.030471136612720714
6129,0,0.048595825280050214
32691,1,0.5409560684950343
29616,0,0.00028133868679574615
14760,1,0.9914695874775004
48756,1,0.8387886211615718
29272,0,0.00028329885946854166
4705,0,0.0097780915406374
8323,0,0.0025483357086944058
8659,0,0.1293132353232432
21655,0,0.006736316578041971
31306,0,0.000622476771285472
14873,0,0.019590217412370305
20538,1,0.6754473634089065
16809,0,0.006213567674552
18083,0,0.0017650615711546933
38312,0,0.4046975485638422
45181,0,0.0045555586497273886
10614,0,0.000805815569249778
29108,1,0.7426032843158953
6157,0,0.2282553130148434
27845,0,0.00031338071806541386
44747,0,0.09014422738506445
40992,0,0.010479944294451014
37829,0,0.001981190981705452
24430,0,0.012791272596529341
27750,0,0.12029357192865929
22170,0,0.3651038577146793
5046,0,0.0008530820004375653
25114,0,0.13022707188852048
7651,1,0.5528060555189033
48706,1,0.9729306998044092
23038,0,0.00021038169093209874
13254,0,0.06821883231622446
47420,0,0.0006494753235802205
17076,1,0.7715959360936663
20760,0,0.07338804871137877
44075,1,0.9387363889677319
8881,1,0.5055423337734162
16967,0,0.12336955860187256
33085,0,0.13560503009153507
8221,0,0.026052462334574054
42877,0,0.003964717741300108
27424,0,0.006611351699575299
21414,0,0.40896306366082097
1389,1,0.49132082551150535
5523,0,0.3404863852052892
40767,1,0.5554456949207563
43459,0,0.018231780241257264
37593,0,0.06667306353661301
31392,0,0.0015924226411422912
29497,0,9.793401934130226e-05
18181,0,0.057047955955706185
41298,0,0.15092383066694504
33915,0,0.13500534967796923
17999,1,0.6946412767258396
42252,1,0.6287427850772785
22034,0,0.28556017320982746
32210,0,0.0002259026698774533
46340,0,0.0036543489737104525
16611,0,0.06349024921942285
15284,0,0.3708342300237609
21445,0,0.026828552747919423
31794,0,0.15129575883633295
7777,0,0.0036160708428683718
40558,0,0.019854798323571392
25566,0,0.0006744989600094763
32810,0,0.0007752427687408675
46628,0,0.0010355500426596598
2976,1,0.6262560782227474
23371,0,0.2602866104288418
3054,0,0.35898817781246667
18013,1,0.9973542104248099
46393,0,0.041870638420842474
40866,0,0.00307378301959119
6700,1,0.8068291770654449
34476,0,0.1232873203472278
3830,0,0.25833532713983487
15297,0,0.18631471429929966
673,1,0.7265716466326826
17150,0,0.008913351828542774
10478,0,0.003983349093975764
30577,0,0.0034706821411753844
31783,1,0.9566160584521104
39633,0,0.00033547125997700076
39118,0,0.009647938974303391
4730,0,0.18157600209408886
16126,0,0.39749987685901067
38144,1,0.9955547444832634
18392,0,0.3160644678320104
21848,0,0.07277568742901104
8179,0,0.3096450999934492
35048,0,0.1388031724378788
45687,0,0.34356551247595574
29978,0,0.07759822866993049
8467,1,0.9932715956356196
46247,0,0.0012363363991757033
45612,1,0.4660768863588981
34753,0,0.001260654966498699
41917,1,0.7043021393672412
27353,0,0.0020019111149720296
3105,0,0.04745655095038723
15944,0,0.07580715057609817
9354,0,0.0416236362266329
21403,1,0.5049245376731122
28360,0,0.04421792527878156
25058,1,0.4408442671708847
4868,0,0.009162166312432789
24250,0,0.22922137188759428
46010,0,0.20196204965871706
1139,1,0.42292083977544703
30579,0,0.18668676342562626
48206,0,0.23255077991752132
10908,0,0.0002523765999128567
17463,1,0.9836217606143175
14523,1,0.601971025303902
26977,0,0.08306790416245015
45534,0,0.0007025377809685221
47968,0,0.10983760239190585
34796,0,0.0035735253587650694
22262,1,0.9464263269112848
10446,0,0.005168556453509438
41784,1,0.6417180489865254
48187,0,0.15142440097441925
47088,0,0.1714132880911773
24130,0,0.2472972938422461
32441,0,0.0022123151750042293
44864,0,0.1175734646956981
20631,0,0.2710208122831394
25695,1,0.687083168154248
40184,0,0.052727247453937164
41742,0,0.004347232475369659
44232,0,0.024147024389402177
31144,0,0.3536682349109639
25799,0,0.0035896424691623345
46022,0,0.008855524692110692
48523,0,0.00348898994175114
48372,0,0.0012363363991757033
11973,0,0.05551331632675427
3789,0,0.007368420242237242
11032,0,0.004709877682687725
10558,0,0.00591085708480749
11672,0,0.005991634192139267
39212,0,0.12459574723964582
16455,0,0.03413095933056389
40544,0,0.002535456023821497
7218,1,0.6295981971620256
48205,1,0.7646720790308935
48234,0,0.02280858882569764
29113,0,0.0012363363991757033
48180,0,0.03879940605039299
48633,0,0.013618221258028595
16928,1,0.9912653253950356
199,0,0.04136147431214981
28687,0,0.13650341388825563
1449,1,0.6074911867795207
13476,0,0.3532104048587738
6822,0,0.000384969681640518
20913,0,0.00018358814935139783
8782,0,0.3239259214544691
42458,0,0.1439605321000874
20465,1,0.7253909350238505
29213,0,0.11380418115611567
26264,0,0.03321801917717139
31233,0,0.41758795754419986
28963,0,0.007810794537289911
22781,0,0.39193387557236364
26609,0,0.007924070049218445
48326,0,0.0005628772210544787
36254,0,0.33635165820512564
34549,0,0.12292117665435406
29022,0,0.0019962401444300676
21024,0,0.08539550853991161
43234,0,0.018235280009520318
33750,0,0.05045984191447988
2099,1,0.9943432499816437
28666,0,0.0009900677527873295
17708,0,0.00040358090646927427
23541,0,0.09164957810140435
26896,1,0.9976255023362578
23347,0,0.3918292689036943
16065,0,0.08214320290250918
16469,0,0.13534371581873433
34271,0,0.104835050455941
14604,1,0.8820906799015488
36698,1,0.9983903759316658
25204,0,0.00906320385785476
43219,0,0.0005126555209375099
3309,1,0.9247460877828854
19742,0,0.11372372710693275
4460,0,0.008639576340956159
12137,0,0.013407613478551668
32764,0,0.3048135670065485
9591,1,0.8002533870437009
30884,0,0.010380592009685611
43218,0,0.0037440316239322176
25125,0,0.10954856156076755
36758,0,0.05175336191921109
33418,0,0.2530158345397278
46415,0,0.17198062034317033
44465,0,0.02097340301450422
5573,0,0.00650007308136335
29677,0,0.17017276230001832
12951,1,0.7454404885547067
20396,1,0.575753834433589
31684,1,0.6366462171461039
682,0,0.0005205518678136212
44432,0,0.13522553220101252
8345,0,0.005158516750664365
31551,1,0.5675933593972471
42387,1,0.9931233747019894
16831,0,0.09333900285600133
40769,1,0.48800564422251413
31143,0,0.028986938718542795
47762,0,0.1379103105744321
31828,1,0.7664171371641499
9235,0,0.07824115460820656
4120,0,0.2950007083840034
1912,0,0.006070834836696537
43122,0,0.18523854403832277
9129,1,0.7456530479289071
12342,0,0.06363213201913626
37433,0,0.1392214777431937
18198,0,0.01680112733762083
24697,0,0.061143315328670234
29953,1,0.49566815847689033
13105,0,0.0004339638376998096
23884,0,0.1028483298757656
32885,0,0.12531788866749574
39151,1,0.4587504329640521
13890,0,0.23929883759601603
5824,0,0.010703817965636726
13632,0,0.06364615060450773
2190,0,0.029825852220132083
27486,0,0.024943691527320105
44720,0,0.0006636020764541908
15890,0,0.001267026288252697
23269,0,0.3267907777887608
28258,1,0.7737489342087973
31608,0,0.016651269443079656
31491,1,0.7162199913772116
46982,0,0.06476808524610764
28502,0,0.04394976080919476
44912,0,0.011545491953058661
9147,0,0.2594698860904283
24879,0,0.01082629751423799
29597,1,0.5845074357988236
44776,0,0.35413145429614123
8505,0,0.016082895211538727
42169,0,0.4007626909860078
26907,0,0.002027634941783073
19715,0,0.1372480836897757
31992,0,0.04115506390603582
45058,1,0.9925197798684091
43838,1,0.9988691283139989
36763,0,0.11257956031684649
21096,0,0.4021454929800211
29446,0,0.009901548292796209
15014,0,0.30703413185599104
26454,1,0.4247493837100406
21309,0,0.01787919752702489
43476,1,0.9644936006269071
8369,0,0.002982437843116267
26159,0,0.00240736894749287
7004,1,0.48910109580397687
19980,0,0.007531643925835267
22168,0,0.002168301039338595
7428,0,0.09187215654257497
31225,0,0.007534054215245331
9315,1,0.6157159783287822
21232,1,0.6982301413320039
10505,0,0.06747493223796411
2085,1,0.7879905275972644
7452,1,0.609464964611788
11428,0,0.0004230047323655444
11036,0,0.035375036069299266
34709,1,0.9895486803359634
13665,0,0.0025465612117273892
17228,0,0.03169261997836123
34875,0,0.05558238624130958
27147,0,0.015031848289712166
36381,0,0.4099929033248606
35010,0,0.2721935641547618
38941,0,0.0031493071420062866
14832,0,0.004547891724149002
14459,0,0.011166789191319311
45864,0,0.001500829145866565
27487,1,0.9882247317932152
48226,0,0.0002542510799191691
14110,0,0.0031883900457615796
17817,0,0.03192234953548386
22665,0,0.006690464089218966
26303,0,0.001495784341094999
14957,1,0.9330761124637239
31012,1,0.5783198438113601
40526,0,0.0352203920273153
26364,0,0.0001736852589744208
31528,1,0.9797738004265577
23691,0,0.0013378658156953374
31851,0,0.021800931066407993
27190,0,0.007786477784086823
13984,0,0.4046975485638422
10152,0,0.00019787621701313653
2433,1,0.4476444441571719
21014,1,0.9117131478646654
45712,0,0.05071063430400565
40912,0,0.021840409327090506
37903,0,0.27775967533904383
29938,1,0.4283505588119993
39061,0,0.0007131942881586197
32662,0,0.02865974128366785
13329,0,0.2628693111201831
39001,0,0.0003344045523066679
4244,0,0.0009867532314357386
7921,1,0.7787894834143853
34102,0,0.0009472642325785133
7407,0,0.12335029315801349
25730,0,0.06260060606943776
20039,1,0.9165316840600225
17234,1,0.5277546602920589
36240,0,0.0002581361463411107
3503,0,0.24458367510643833
17205,0,0.00036492624149426454
36685,0,0.0021914716186093386
44883,0,0.023714567549371346
44587,1,0.5493137257082522
25547,0,0.1521715300187911
23273,0,0.36553890492942637
31243,1,0.7955555477115259
34202,0,0.0038820654895680793
24629,0,0.0016764327727860748
24788,0,0.0017670801762286787
18122,1,0.9851995378900686
43709,0,0.03405413258486868
40493,0,0.002502327343956666
41223,0,0.07965909828618774
12084,0,0.012325841459818378
1825,0,0.0007076062047162353
14294,0,0.09439607593954395
5489,0,0.006765942678918829
31701,0,0.016845440826805867
8896,0,0.2006113378426043
37500,0,0.2184473917584732
10534,0,0.02996338783313356
41385,0,0.009447847779869638
28398,0,0.41371328431600957
20789,0,0.00043140454324732395
10173,1,0.673274343671475
44997,0,0.008256208295264142
37950,0,0.004071786736780436
15654,0,0.03690787292849912
48533,0,0.12428427999364329
7150,0,0.0015449826092851237
32038,1,0.9825931169054305
27226,0,0.00030018958335732937
39699,0,0.054881678577358525
323,0,0.004266811925044265
13295,0,0.027555402426584337
22652,0,0.009928264055490256
42578,0,0.010020142099760983
20179,0,0.08108488086444661
44563,1,0.4862479267260343
37524,1,0.9165395824654705
27935,0,0.0007702775814572459
26035,0,0.11039898006501538
25846,0,0.11637344985899273
34214,0,0.3096918581404671
38735,0,0.1380809009357915
41305,0,0.005479874027732939
3864,0,0.0024711066812355335
22877,0,0.05884322062836262
18092,0,0.0008948188078944062
45401,0,0.004099163140854656
24082,0,0.09996818743682552
45429,0,0.02266591907859628
48480,0,0.001310656773732317
46470,1,0.961753859418355
21011,0,0.01743926926506544
47461,0,0.0010314416762595973
6114,1,0.5041455592357361
7202,1,0.5475724715777758
9453,0,0.022092274411519466
48688,1,0.7045735534655415
11314,0,0.0011821209238355556
48031,0,0.006975774030848161
38185,0,0.05593618156473588
9808,0,0.20169037026867773
24104,0,0.016386617005992393
15704,0,0.0043990860969558895
15797,0,0.25776812619339473
42689,0,0.010973166154502955
30546,1,0.5732213405187842
37848,0,0.0006682030670059687
30893,0,0.002690715765173845
46383,0,0.003191222356594378
11336,1,0.4747348136810546
5716,0,0.04582545669849826
9532,1,0.998214222527285
45705,0,0.012292835970826175
36126,0,0.0007119800961027275
37635,0,0.21944162849580334
22527,1,0.7528253324013808
2495,0,0.03276142640408679
26164,0,0.3615425897463565
17936,1,0.986454631354109
25456,0,0.0144316225593091
34775,0,0.0009549889753704032
63,0,0.004365162843408737
41143,0,0.09813340255666936
27065,0,0.14295745368583587
44194,1,0.7706928455081867
26517,1,0.988000521383252
48686,0,0.2044512813072639
13206,1,0.7532274766833161
6468,1,0.608076738261525
45822,0,0.13847619178102905
40725,1,0.9970194483380356
6833,0,0.0019325897338931283
23188,1,0.9738200555480788
48777,0,0.15865548150590383
43712,1,0.47096491875937885
39968,0,0.11663632994714067
22723,0,0.13999473726566655
40129,0,0.38439413203091277
35191,0,0.2660932130779036
24776,1,0.7092410613167477
26529,0,0.018136557533625464
24758,1,0.5820542149326269
21422,0,0.2858210738940184
39918,1,0.9864693588550805
15103,1,0.5231914379996432
18425,0,0.0030634887109553923
43227,0,0.30748537433007217
26233,1,0.7169515298231818
33991,0,0.0005368784007382756
429,0,0.07334245889474045
26444,0,0.00535894187667198
27478,1,0.782611969743827
30334,0,0.040962662995253536
16381,0,0.041635047856649635
16697,0,0.02334619956930413
17163,0,0.040396684561147776
17010,0,0.40897727247722554
47071,0,0.04936775165968709
32394,0,0.014463336244138888
41747,1,0.706132547094789
22138,1,0.9915514090489003
40940,1,0.9241994831170044
27926,1,0.44008623297507304
33580,0,0.0016037538545181477
48256,0,0.172150235836855
38036,0,0.00024823332535938575
32105,0,0.08612730192732405
28132,1,0.917332713570446
47288,1,0.7028711074408764
34825,0,0.1086575431429125
43448,0,0.11220028384234686
8280,0,0.02258582531878492
34848,1,0.5390112547783495
23713,0,0.09612314133865521
28154,0,0.0054031600144476884
36823,1,0.9602710745497074
15231,1,0.8124226384477791
4776,0,0.0010528297489935605
41328,0,0.004585434957816218
43601,0,0.4047983574036086
26984,0,0.06798471535137873
6586,0,0.03545471802349463
6368,0,0.13360060014689712
24012,0,0.001343106200671528
10735,0,0.27615929417770463
17650,0,0.25487052722530806
26557,0,0.0010766131779400816
45230,0,0.09213051758512256
7263,1,0.9945538871096328
8054,0,0.3615425897463565
31541,0,0.004496479117218724
11922,0,0.40229975902939297
35378,0,0.03961328023886049
12709,1,0.8478168053722523
43124,0,0.015200918594513241
9290,0,0.010442047339605647
16378,0,0.17891813530119952
28548,0,0.08751307120177132
44269,0,0.38103441950362543
19986,0,0.008453106848093086
28658,1,0.6282548691010315
18660,0,0.00222644405783405
8666,0,0.008051913579999204
40089,0,0.02590717837924192
30008,1,0.895064641072109
46849,1,0.5708628551974825
38604,1,0.5186315596686183
21493,0,0.11157151054922339
18274,0,0.14519759696436718
43077,1,0.5986256468255713
5196,0,0.20686015359350762
36185,1,0.9429160126858546
16383,0,0.0022796879101243963
27731,0,0.013870369588749622
46310,1,0.6875454581235972
7475,1,0.6407770028512261
386,0,0.008652289548669057
38273,0,0.08745379938269739
29650,0,0.015941979570627166
16919,0,0.18057690304836588
14837,0,0.018652113322468866
6749,1,0.9786927386672093
47105,0,0.2910968120911245
32182,0,0.025209412064217923
24457,0,0.0016288224389703833
41399,0,0.21430673052874907
35917,1,0.6252397012443981
5877,0,0.00019179698563606768
31155,0,0.008270162274743385
39194,0,0.003101670242495283
9061,1,0.5393859801469929
35806,1,0.8416496474143048
19772,1,0.7974085050513642
35488,0,0.008893009342947195
46524,0,0.012146747113373206
34932,0,0.011407145910219886
27013,0,0.3905613333091602
26731,0,0.0015897167674417036
28159,0,0.055997368767024526
35208,0,0.0049252072943488405
6050,0,0.14803925908319956
10784,0,0.24100945500602622
14895,1,0.5422892067499451
41294,0,0.043372413838195956
34438,0,0.025950960404211316
1282,0,0.003440182300757551
19166,0,0.0181722306812178
16659,0,0.35250431276286304
17042,0,0.011906567571256887
46144,0,0.0012442077940297209
25356,0,0.0014173937898450005
3841,0,0.025073567086359813
915,0,0.006781908250774656
6926,0,0.07030996750496606
26993,1,0.9099892820378852
40233,0,0.30731408074429956
41978,0,0.32501894384644514
43622,0,0.27959360946717754
31150,0,0.000529756818237997
10379,0,0.035995110935455855
899,0,0.003134478312074912
38912,0,0.001260654966498699
44677,0,0.19583563625782505
36978,0,0.000359467059318057
972,0,0.20385436867183618
46743,0,0.1673893095229087
25068,0,0.006386327103795664
47500,0,0.049113097443480476
38316,0,0.00041404563248174074
2531,0,0.23599782636812794
16743,0,0.29173726684965934
2133,0,0.00129663168061114
45590,0,0.25752237811274176
8306,0,0.33222134981773765
5538,1,0.6820095556045094
28000,1,0.5495503234059341
6030,0,0.002670307452361495
30045,0,0.010310133797072003
22087,0,0.0009257407801580919
5823,1,0.9780566970208168
47733,0,0.36997604583544513
15393,0,0.07318422639514231
40745,0,0.15049839746920965
1013,0,0.12599289103518171
42844,0,0.03826562828680077
39617,1,0.6371950005225313
26528,0,0.001419984431467803
3733,0,0.09061452538372053
33515,0,0.0007736965927261302
36053,1,0.7521572409524057
43300,0,0.006683997833721336
13928,1,0.5973660049030789
10588,1,0.5631202008030858
232,1,0.832737808158482
3273,0,0.057957238288245824
27900,1,0.4221961037971569
17295,1,0.7116938116373662
31685,0,0.03433182937391337
41871,0,0.02367406532523674
30343,1,0.7044245255801362
41743,1,0.5837934419760802
19820,0,0.07961846150663285
12702,0,0.24324396784231075
22343,0,0.008382254617375257
17203,0,0.03266736401350693
7531,1,0.8866336872071441
13237,1,0.8751881592954157
16356,0,0.008520941196492396
35033,0,0.0027872589749547293
27283,1,0.9239468972370377
30250,0,0.03831448075811885
12506,0,0.0004295503794393009
44496,0,0.00255031004981295
11154,0,0.08163051429932217
19007,0,0.1680181358973877
35981,0,0.09367820577371348
10747,0,0.08432314164067314
33891,0,0.06673302415491973
30843,1,0.9220512816661102
47801,0,0.0025599219282403623
32490,0,0.011480265703410413
14772,0,0.01928778527518595
23344,0,0.005134835097847977
4658,0,0.03069328583581774
30831,1,0.5067992514730388
25721,1,0.9991285708368757
17474,0,0.011839520678369223
12792,0,0.004073359089944277
16750,0,0.00035945216307702813
3002,0,0.31414952534218826
42299,0,0.00026007514478741786
7891,1,0.9305492072145997
45688,1,0.7220234659827177
20862,0,0.06205430378571585
26857,0,0.11354797202738776
48765,0,0.003527894380494948
35176,0,0.0002842270241529359
9977,0,0.2073215022069014
25491,0,0.22291680267362585
21017,0,0.005715907018724265
7325,0,0.03547933813916908
22015,0,0.01176423643575819
35098,1,0.42677305119175224
15025,1,0.4271069224123785
41109,0,0.06475876365540388
1877,0,0.1429708403056849
42350,0,0.0006617097935750781
626,0,0.013377894341647574
24149,0,0.038309329593944896
13505,0,0.26907572823369846
32987,0,0.011861192634321083
5305,0,0.03190788468287078
16181,1,0.6474721526725614
12924,0,0.002066163144711375
17824,0,0.010650637869358007
24694,1,0.9973719820149061
3419,0,0.01598168608282331
28892,0,0.01770213117272043
16072,0,0.06632348814561237
9725,0,0.21619768703067105
6323,1,0.6641056083771995
5763,1,0.6243124822788861
33428,1,0.9891195976398964
14274,0,0.004975349696784727
15459,0,0.0018497101586717134
22469,0,0.01617044000783234
481,0,0.00022553794487247263
28725,0,0.09591557646199032
47132,0,0.0014074443668074977
22888,0,0.017977669313782148
10824,1,0.9680584352527332
26594,1,0.9935254689590322
16113,1,0.9227238298575963
22987,1,0.9898931427664653
43751,1,0.7381058166982298
274,0,0.01382836994492769
17778,0,0.003810185367318156
9988,1,0.6109815360392402
21817,0,0.00045737403532424226
39881,1,0.8793197851213393
19106,0,0.3085441989451496
22465,1,0.6945884130847811
2175,1,0.7667221311963645
3565,0,0.006741797492269226
20407,0,0.0027214399458346957
6970,0,0.0033774839460100044
28960,0,0.0005992645833216111
46303,1,0.6777404420982741
13977,0,0.03744985365836017
23772,0,0.3360376502219299
35688,0,0.18701971829887318
7674,0,0.006705868238738595
39549,1,0.5344874141477794
1819,0,0.18046346216056824
41885,0,0.2724863388944782
23446,0,0.3719089724336255
25117,1,0.42313014141685584
38127,0,0.011549656558580765
21343,0,0.014130536451671215
43261,0,0.13845680005725303
10537,0,0.0481316498619348
36734,0,0.3003226136270164
46699,0,0.07943383086053743
19947,0,0.11550282756787705
9622,1,0.5005193768827778
19963,0,0.15211859618483217
4760,0,0.000622476771285472
23789,0,0.031017628079243572
10594,0,0.0036656019109233195
45547,1,0.4373768196584175
32648,0,0.19009414281069412
46189,0,0.08281059870287766
18177,0,0.0012363363991757033
17343,1,0.5192423702697332
25871,1,0.973488943077246
47415,0,0.12245217532149409
24877,0,0.005312498091968512
47339,0,0.007372494658992027
34479,1,0.9173117465575535
14581,0,0.02503399597864314
40962,1,0.5056016046682882
36773,0,0.00022553794487247263
44100,0,0.00038277344722277307
352,0,0.22856945104220078
4860,0,0.00125085479589783
43045,0,0.06824267001040378
8408,0,0.2457730360175965
27515,0,0.30354126401487075
5663,1,0.8560566752086405
15275,0,0.3414809456049003
36262,0,0.1769683834073328
37231,0,0.0012062080269127041
16275,0,0.17347344881489754
28086,0,0.12117562569395833
22134,0,0.012264704879752859
10815,0,0.29566803968053734
42420,0,0.39651101934799754
43246,0,0.011813195926367058
6851,1,0.42454100066332273
22666,0,0.13782133745698213
20500,1,0.583661188471976
7639,0,0.3640215220063904
22091,1,0.9860251879210001
37352,0,0.02353075013328308
22815,0,0.03448151536622673
4230,0,0.3709909129388257
24526,0,0.026509550166541034
38124,0,0.1497657848825755
37474,1,0.6780625391135499
35360,0,0.01954017718349509
10743,0,0.020718614408290505
22385,0,0.0038503227013892355
23857,0,0.12147224394406347
18653,0,0.002790867887558379
25765,0,0.07403309717076599
18380,0,0.0007441113789467621
12147,0,0.08987925922443432
34760,0,0.008859972127862697
20469,0,0.2118830691923482
12493,0,0.0037134573460420733
26069,0,0.07104182419712028
5837,0,0.0016205466867874562
11911,1,0.5011702229597838
46828,1,0.8093023033367777
16257,0,0.26065236059655034
14296,1,0.614042653406393
3941,0,0.30445347618438545
15715,0,0.1832504451592126
26547,1,0.6227265738053066
33669,0,0.36231229593372044
5735,0,0.0007172650043783449
46523,1,0.4882720394702014
15125,0,0.00018675981123363392
14935,0,0.013519332201875223
3886,1,0.7484720700579416
17256,0,0.015890218004234624
28959,1,0.9888951847792712
48271,0,0.10832395423460281
12759,0,0.0481845607060002
38004,0,0.005815773971627384
38878,0,0.01843923450400393
42386,0,0.004013547015591748
39932,0,0.1366114768492575
35289,0,0.2624864357880355
104,1,0.6642737042598211
22945,0,0.006216369581561783
26255,0,0.06215519704011423
7386,0,0.08126595914708094
36224,0,0.2982809936116254
18379,0,0.10471632888086552
23659,0,0.0015308525160132513
9793,1,0.9941920396834315
38744,1,0.5530993957310278
43612,0,0.0004110322849218429
7525,0,0.006578726068363647
36550,1,0.43422981993665316
2970,0,0.13504445226655853
1867,0,0.2989019213980925
27855,0,0.1555718581234283
42192,0,0.004712458140245177
6047,0,0.00032018867150713706
35346,0,0.0004430284634957197
703,0,0.008720235165111107
28290,0,0.41582336795318803
12726,0,0.29928124647424376
34098,1,0.5030590849418708
30951,0,0.008110801274338894
3708,1,0.624661492832036
14875,0,0.1180017149852399
30425,1,0.6387648891185002
39821,1,0.6119855718056578
30060,0,0.02059886108535783
35218,0,0.023649868463147553
26507,0,0.012754210727969083
11166,1,0.44078931318204867
30534,0,0.00235800622995809
777,1,0.5039204165634469
31867,0,0.009437057822574247
10756,0,0.3659083162430466
17499,0,0.18931702817821391
48408,0,0.15743174496999707
29224,0,0.034938483798943744
5764,0,0.004215740381975149
13703,0,0.07415234146778249
6537,0,0.2168769252067794
14698,0,0.003027989535975423
47422,0,0.046846358172048755
19653,0,0.0007179267427657424
2056,1,0.47938990501284423
746,0,0.0011910930896302766
34152,0,0.087517447003614
37230,0,0.3244366407528705
46742,0,0.03228504174549739
44688,0,0.0002660926156903598
47735,1,0.6999114951242241
14401,0,0.013330479978402086
42971,0,0.06316582042120204
6231,0,0.16269388952800193
38295,1,0.9904970301862702
21849,0,0.0006264384823585364
1683,1,0.9902791571684416
45825,0,0.14191339795264965
48484,0,0.0005154358293327387
46118,0,0.32262216781047287
20486,0,0.0010035194487627035
48121,1,0.8575180318024594
10905,0,0.005209306734145172
40787,0,0.024481364841043907
6657,0,0.01787049079842703
39355,1,0.755549082814759
32682,0,0.01016713521291612
6577,0,0.1456560741329578
36424,0,0.054621260919011226
16051,0,0.16797744445211513
18796,0,0.010045565218631439
1001,0,0.33361599449225027
8693,0,0.17273063741659905
34921,0,0.23431804960156094
41492,1,0.6406832571538338
43957,0,0.0018122071331613055
7064,0,0.0006433562496183377
15183,0,0.0009246988791389876
35426,0,0.052605785709023974
36434,0,0.002808916355632307
9668,0,0.0017346450483226223
46967,0,0.0040150666125600455
15256,1,0.9805312024910392
41696,0,0.00036004225788362324
18843,0,0.004167657198740037
21823,0,0.002515290670389945
6979,0,0.0006479458681461352
7539,0,0.0012392266408949798
47020,0,0.09665303434043841
15854,0,0.006818061293435258
20729,0,0.1421092838918911
18220,0,0.23210922208766863
9313,0,0.1203141335244971
38195,0,0.001257034171100204
31070,0,0.0009446920326754283
46405,1,0.696375818578555
42770,0,0.03222408554190717
38401,0,0.004287374372519586
24756,1,0.5651873915119565
14738,0,0.057836557714861216
36223,0,0.025801437722219007
10882,0,0.0010152664270762148
21276,0,0.23469445217981041
26924,1,0.5023187001062216
27144,1,0.6696917457495127
21375,1,0.4840815365259187
33347,0,0.000513666926558979
10946,0,0.004642987563189074
46013,0,0.010355370664279533
25982,0,0.23870694607057186
31868,0,0.025839037426824554
21209,0,0.0028991766926583225
31461,0,0.05214836538593966
2792,0,0.015993875012498177
37573,0,0.02217215147926329
12258,1,0.4393059986564011
8441,0,0.2044512813072639
28791,0,0.2319099107589821
35165,0,0.02240809574675765
48475,0,0.09208782881225346
43984,0,0.12732808573222612
6425,0,0.0024089731227995405
25238,0,0.4023282635236372
6690,0,0.2224849485231126
12230,0,0.10475803418122497
34008,0,0.0006413043595701186
26238,0,0.21411804509593807
12803,0,0.4185705843334438
43853,0,0.04309223434648965
11450,0,0.0010336625149802512
18428,0,0.091998358343067
4580,0,0.005134987761685186
17703,0,0.023622407807911073
39349,1,0.4854191168001472
41446,0,0.00020742159658276
30397,1,0.6244127385050715
40079,0,0.00037444280167468356
28464,1,0.7630925113084963
39766,0,0.0010193283318402475
31947,0,0.01894634283692617
42505,1,0.9905951946143456
38614,0,0.01860885957787815
24142,0,0.022940580204243305
7402,0,0.11238878563907687
6947,0,0.21117537286116211
34880,1,0.6575578108919893
9160,0,0.0028833431950817303
35895,1,0.6003344828877107
39447,0,0.00048444179844856703
48472,0,0.038806123010639536
2329,0,0.0013496810998517752
22340,0,0.01201681767381025
18482,0,0.39655580682408575
28260,0,0.03993644816314713
44816,0,0.004441765332506676
2758,0,0.2235371987563967
37463,0,0.1455533605330187
25976,0,0.0041295452644765866
44579,1,0.5119344728400218
47579,0,0.00026916881143532813
30835,0,0.038074700950105456
44617,0,0.002538754913343512
26979,1,0.9334328417028656
5634,1,0.6240032814504227
44283,0,0.23254086939384522
46586,0,0.0008332150630727606
46467,0,0.005105437984812761
27749,0,0.0004660285093761102
9768,0,0.1672191435518748
2437,0,0.25843344934109447
46051,0,0.00565293471256127
20375,0,0.017471800847704267
34072,1,0.8234871138488251
4249,0,0.4115359742233075
44076,0,0.23737570156196008
22567,0,0.00028418860816289667
29598,0,0.026444145502191284
24541,0,0.06487780754018083
48340,1,0.593905105923333
46677,0,0.00758148239884654
20825,0,0.003009953163396438
3266,0,0.013879999122853849
40011,0,0.019726311116861
42650,1,0.5404813916220992
4163,1,0.6553887691117566
30815,0,0.2909936918466995
33410,0,0.19269443259892602
38420,0,0.0015878727673590172
43401,1,0.7853705463906296
42100,1,0.570951367740424
33484,0,0.0009261905252643307
47783,0,0.16700074024279773
15810,0,0.13890324423282815
38252,0,0.027197820215769983
891,0,0.025644194016025863
33164,0,0.39828165460561676
6949,1,0.5896813878511616
20625,0,0.4143321949552634
7201,1,0.9949440840084093
25988,0,0.08031519143877294
34260,0,0.0014511390794819336
45326,0,0.028897807620743163
16841,1,0.9166472577930359
7366,0,0.2244545136655136
3427,0,0.0013830018302771047
20634,1,0.8491293654528698
16135,0,0.18407614343292375
35438,0,0.12064168009398121
14855,1,0.45008123937284283
20405,1,0.594472301496017
13792,1,0.49236979912109874
44805,0,0.14091157404261573
2555,0,0.004776294093641302
23404,0,0.09489230610795682
40339,0,0.0015212630277353268
18366,0,0.34767791236857015
29453,0,0.005077878326611953
21053,0,0.0782772673000094
28970,0,0.0007301303957494155
40294,1,0.43532997018637243
5730,0,0.03257846759941183
7802,0,0.000620994594379498
25211,0,0.00027237400201072923
38655,1,0.9844545701046874
30977,1,0.9946506446441226
45641,0,0.17436904715842028
29280,0,0.15607289539547436
30318,0,0.051826647334821015
8322,1,0.7070575643714077
11451,0,0.34922325290832923
46021,1,0.623299475213817
47620,1,0.7071874615078376
3863,1,0.7433220568723393
5344,0,0.13560503009153507
38742,0,0.010272442729573611
8910,1,0.8940558503772547
9247,1,0.621110445341618
48106,0,0.08974295637001234
5456,0,0.13500534967796923
26076,0,0.3602819076868198
21212,1,0.9949914932350216
23348,0,0.001426457940279502
17245,0,0.06357561165594923
19717,1,0.9976685094144438
44143,0,0.0019396058722472695
41957,0,0.014702395785393172
35964,0,0.014165826414005841
32217,0,0.1329047050760593
24722,0,0.4064067711063989
2515,0,0.00034558366531753864
6073,0,0.4051968877767492
41964,0,0.1313938456339243
27475,1,0.42220431040117506
42883,0,0.022103902248006763
22776,0,0.001310071239093306
42494,1,0.9931035652198964
35182,0,0.004835907412268768
33451,0,0.05139159055228409
22940,0,0.0219598997472691
38025,0,0.00033420086408009756
31691,0,0.019303635223479054
47009,0,0.03958091300247037
2516,0,0.004043535981954943
2727,0,0.08054380974449542
9791,0,0.00020479627317003833
40672,0,0.010356807022271285
4570,0,0.0005718048800007545
17492,0,0.15041882122814976
48296,0,0.003090811237739554
16493,0,0.37632283632465213
48215,0,0.05075749809561819
23550,0,0.029341939769757505
28283,1,0.6497362336609754
18715,0,0.33495484918762797
36020,0,0.0009908459703665844
5267,1,0.4550056943103559
30646,1,0.9863166102276172
48081,0,0.00023007958166971226
11835,0,0.017651910782543228
45121,0,0.32374315304936047
6401,0,0.000594123477041081
11478,0,0.002569270750551313
40621,0,0.23902449749352717
20112,0,0.2653250626246691
29684,1,0.6630669899761096
937,0,0.04950988770857003
6133,0,0.029560959563336323
19763,1,0.9320750390774506
47780,1,0.4556291890001739
20957,0,0.021890953196596206
7267,0,0.24224012897414285
38469,0,0.030849395360134407
25984,0,0.0010314416762595973
13485,0,0.0006199628688917566
43577,0,0.028300043971665665
582,0,0.008070529401698855
22564,0,0.32077930162197876
5298,1,0.4936022722958608
29711,0,0.11013523962448646
32523,1,0.613484632649471
27787,0,0.006402716640279672
37720,0,0.02738112580937122
29074,1,0.5980822818084072
34794,0,0.00045992633741958147
18127,0,0.002449151607827304
38803,0,0.00034403074537523007
47793,0,0.0005316808456089334
44599,1,0.9847021428235198
771,0,0.013586037137163325
30188,0,0.006428539201237488
13131,1,0.47976523019380607
15421,1,0.9321314319906092
10154,1,0.43333616501278027
34180,0,0.002988751379920425
12910,0,0.07348161249218411
11606,1,0.9986394850736375
17894,1,0.4717584517415092
22827,0,0.0038568245700093774
19603,1,0.7355613650936419
298,1,0.6023673326085999
21586,0,0.0032177743745228668
40641,0,0.0005221387734447945
15950,1,0.8675189510138357
40896,0,0.17801455688984866
40937,0,0.01038539004568174
34435,0,0.00029108364465965387
18624,1,0.9955364154294066
5374,1,0.9920714983227146
48330,0,0.0010059502036127998
16881,0,0.1553588662293893
12339,1,0.5589756949404912
12487,0,0.07015307105553148
15342,1,0.9752702095045489
10744,0,0.2843085460020514
46117,0,0.001595951804973523
30421,1,0.6459117644695834
32433,0,0.4037551874349367
18835,0,0.03718524381808642
15465,0,0.005053513203763781
48103,0,0.0006242847805285651
17133,1,0.6740565793747658
37698,1,0.5402404371980312
17292,0,0.18390154888160345
9368,0,0.0948756155526204
42602,0,0.0008359086511043442
44402,0,0.0037990282258509745
41079,0,0.0009330019650397749
13815,0,0.3840850990849915
40400,0,0.011604866372393259
36748,0,0.025014390748100513
22461,0,0.00168543817688084
16339,0,0.2498005426700343
8823,0,0.019028869912145276
29445,0,0.09296973151992562
48576,0,0.010276559519004027
34907,1,0.9782282159334136
47074,0,0.07585373655065882
33502,0,0.0011821209238355556
35753,1,0.5187372604615301
20772,0,0.22944923685372776
28297,0,0.008466580124975438
34252,0,0.0005776029351003686
24236,0,0.004078581332249072
14356,0,0.15630187832703174
9135,0,0.1417416445914878
19479,0,0.0008591266714337366
35589,0,0.26696809436169366
8207,1,0.854721745615592
12590,0,0.2538315604053135
8086,0,0.04195243496110767
37304,0,0.07595216894922101
33571,1,0.6831876938255456
13615,0,0.000567397668766138
45352,0,0.016590240557692322
40779,0,0.014470571311597517
48385,0,0.0009082555901472891
14949,0,0.28208202282416045
2900,0,0.009008146615894457
26741,0,0.0022840022208892746
33499,0,0.005942245669528899
7226,0,0.34749514173502655
23943,0,0.034937044192340366
22812,0,0.0021704203311120086
31298,0,0.020465809069409875
8531,1,0.9410783994027817
1078,0,0.2974653299954006
42422,0,0.008800131205951372
23503,0,0.03459535943261693
4574,0,0.00026726892133429925
37521,0,0.1535928257753245
11298,0,0.0014655941256787243
23739,0,0.40163190119615
35922,0,0.050749021258309664
41526,1,0.9954196970759165
2609,1,0.5009035328541898
45179,0,0.14760311966358777
3004,0,0.05958097071792215
34092,0,0.35867876247487207
44676,0,0.0713318561308438
6789,0,0.006068764176742803
47868,0,0.0005690231430923284
36149,1,0.8104011976655918
8318,1,0.4483889953074564
217,0,0.018477860910030112
34750,0,0.000320706410289924
14175,0,0.008617575932787698
16676,1,0.48489742768594113
5159,1,0.4255590702461988
31421,0,0.051330806092348844
42022,0,0.08410174508989497
30065,1,0.507893223269832
3402,1,0.6034881536717509
5087,0,0.0003740178332020128
37683,0,0.002536190636874236
5122,0,0.004472182802701811
37253,1,0.4850503957338609
38114,0,0.011288619306425711
6492,0,0.003796084943757927
18763,0,0.01564674248883891
32366,0,0.0008656021970148638
4414,0,0.003207101401867852
3271,0,0.22630194627077652
26188,0,0.00035206404467593496
2730,0,0.4111359487712404
34199,0,0.027555402426584337
4893,0,0.004150640626580423
9936,0,0.0001651058891794706
12594,0,0.028913225609522687
23982,0,0.006834288137849933
18554,1,0.4537281175135936
2418,0,0.06588636235577867
41135,0,0.001115580491486883
44619,0,0.043979990898118354
20614,0,0.02220233265630353
21917,0,0.01000103899728363
7673,0,0.2624864357880355
30385,0,0.04077664692509295
40712,1,0.4363393840143203
29727,0,0.00024769800953202407
26034,0,0.059844790761862054
30434,0,0.04251052997483719
24217,0,0.020748764335510816
14927,0,0.08041726811089456
16667,0,0.34253704134415297
38115,1,0.9974651341486237
3594,1,0.44856443164399074
12366,1,0.9194628387702175
23769,1,0.9909306178823604
41050,1,0.6474721526725614
2830,0,0.02701189714738107
45556,0,0.12190606140520659
5212,1,0.913719266535056
31430,0,0.0020157007206736874
25249,0,0.22608280282638635
31300,0,0.0007404156723300218
15726,0,0.00015136631774772272
38408,0,0.0009542951006423246
47032,1,0.9558163224472571
45591,0,0.0031269737551157827
5236,0,0.27580979722590027
38234,1,0.7499292248710522
4092,0,0.0038884775827010645
442,1,0.8541456194492496
38994,0,0.006649800073839933
10854,0,0.007582965546961045
16872,0,0.05584082304348257
37891,0,0.006529287830353336
2955,1,0.45385001815898035
3859,0,0.012406829509709139
17680,0,0.3834422088607128
39947,1,0.9597438659070007
196,0,0.05359247567831086
35418,0,0.18071040575944078
12302,0,0.05999243580575986
39922,1,0.7212478149360246
2706,0,0.10292423960003293
7331,0,0.17583134156645183
20738,1,0.47438903196542526
21595,0,0.00829292229793258
18968,1,0.457670623980751
24481,0,0.0032111125322283663
19273,0,0.06022175288300179
7169,0,0.051386771141233495
48501,1,0.6796794622396315
35461,1,0.9848119206944775
25983,0,0.01967337975049979
30598,0,0.0011127241573794598
35559,0,0.0034064847887948463
15743,0,0.0003786967993335507
7415,0,0.11615423238872731
32445,0,0.02126847958575238
43318,0,0.016209231486860466
25645,1,0.792136355408272
13001,1,0.955014625784729
17458,1,0.5546117666901859
38806,0,0.34356551247595574
42335,1,0.6305484878429355
22809,0,0.0002221590466842041
9208,0,0.05698100894663758
22472,0,0.018389592747384106
29285,0,0.02020339372670335
31874,1,0.997324835099984
19385,0,0.005510193613108623
38808,0,0.2853619150346914
21298,0,0.0008503671545923696
42517,1,0.5078766374170012
31936,0,0.3624697845619101
19245,0,0.00033779420178612306
5684,0,0.002099630331806949
46018,1,0.7486545790126967
32915,0,0.0824120302039077
37364,0,0.09150622028307942
16656,0,0.018887785192132245
32473,0,0.0004354741614462481
21070,0,0.33011080687194466
8038,0,0.01581312822600833
35777,0,0.20286944415181402
8046,0,0.1925086423802762
18371,0,0.0002581361463411107
34062,1,0.5339110201517722
30787,0,0.00093836049092098
41678,0,0.4103560370318634
44230,1,0.7081694335809651
39837,0,0.0015793821245136848
7403,1,0.8621788072534394
28624,0,0.03829784846362386
27984,1,0.9861027895720196
24976,0,0.012314405318542101
1158,1,0.9075204119503592
26134,0,0.05179782609925091
28552,0,0.3109151509461127
38274,0,0.0016510219710258501
38961,0,0.0941488661060554
579,0,0.07600162675171883
40630,0,0.193696811393142
6130,0,0.16053435780053488
36935,0,0.006349323399681081
40857,0,0.018671093025809472
19304,0,0.022294787683137585
29030,0,0.0370375749291788
12034,0,0.00915018594088976
9314,0,0.06938443058578812
48391,0,0.07786536995663794
36707,0,0.0017869705582734359
38460,1,0.9972906902059131
27661,0,0.18406509736272708
38918,0,0.006918920483213418
6810,0,0.0011887144676973667
22631,0,0.08439258988701562
4507,0,0.005010566028177786
30844,0,0.13514958656364556
14105,0,0.00021224510207659125
43501,0,0.08843129563362546
35929,0,0.02598991506813009
43539,0,0.32583688341437966
6848,0,0.0021620356079927886
41239,0,0.062929652450496
6216,1,0.6117422858584143
31353,0,0.12462376123779484
2741,0,0.0009828963428338041
19021,1,0.6360813812393069
40123,0,0.004551274196151306
14030,1,0.7505165259828382
17555,0,0.0244608803532397
1813,0,0.17268337594071428
26578,0,0.0004961959288168466
47969,0,0.16686949095220577
7951,0,0.11512114180125808
44337,0,0.24881094430455936
35374,0,0.24086263282479786
43788,0,0.005161582289939827
27851,0,0.022500331897146047
35100,1,0.8214107292032248
849,1,0.5979146164966473
9572,0,0.023715514075547214
48004,1,0.9113906252569778
25016,1,0.46720775158559935
45165,0,0.009302213010619424
8146,0,0.004187543453346808
11814,0,0.2853619150346914
28984,0,0.011391783669607341
36345,1,0.9938552187397133
20303,0,0.0006000214956176047
6382,0,0.00021520894980007525
31030,0,0.000296927233427305
4306,1,0.6249655240381293
33959,0,0.013264497427136965
1688,0,0.003350852948163527
18604,0,0.012633996668507981
40483,0,0.006804849929618769
17905,0,0.06313874382522987
2983,0,0.018411622977289818
22601,0,0.041448286618096644
42245,0,0.03671489194681378
43410,1,0.9957788633080479
22997,1,0.5761037181914901
21357,0,0.08778222099517284
41118,0,0.34880153991726925
36493,0,0.24675555028240817
38817,0,0.15140292998842086
2082,0,0.007633296170112901
24268,0,0.0010979007508068
26802,1,0.9488002212849609
17783,0,0.008616918154709042
42202,1,0.7107345017859531
4087,0,0.001217172238390434
40742,0,0.017884938316101766
8479,0,0.0037363365681075873
29912,0,0.06600723434204117
17367,0,0.09234956853451332
28119,1,0.529193237005362
11027,0,0.3435602631725077
32288,1,0.4303306555701465
31174,0,0.002593417123891303
34586,0,0.08732293309017179
43035,0,0.00018675981123363392
30758,0,0.09225952414584515
33212,0,0.05418167461514076
34341,0,0.14148790020726423
31378,0,0.0008874553565780136
46996,0,0.03860424172936462
41003,0,0.003962737172777138
524,1,0.6253530999299375
35382,0,0.009961589283569227
26942,0,0.20291011772337283
15119,0,0.0019289858490222122
28718,0,0.007627638446878471
5991,0,0.1426156564499076
8201,0,0.1441113420450636
33883,0,0.1395538560106429
15770,1,0.687930812836716
43220,0,0.31912521166840024
21887,0,0.005220975324249906
46452,0,0.38362613344337465
45623,1,0.542797543603591
12045,0,0.3587023424019801
27225,1,0.5922510794420137
11905,0,0.0006123224771865304
19031,0,0.01997408465353718
34131,0,0.10289948160833423
16186,1,0.8477355561955077
6889,0,0.26826573192440895
26970,1,0.9237830695452122
15799,1,0.7486545790126967
23443,0,0.002898083451301299
36286,0,0.00024516869724628077
2136,0,0.02090310932089324
18343,1,0.4437043158750522
22898,0,0.000742165889384178
27284,1,0.7567925275086177
18720,1,0.7217806420429266
3069,0,0.0045534624215086755
29240,0,0.15940868986029172
24726,0,0.00941686611117428
26274,0,0.24420937355668745
13994,0,0.1196513301550332
23812,0,0.15492687073977318
7457,0,0.00999886982248732
21216,0,0.02301335428660523
18555,1,0.6720649503279315
34403,0,0.0002398666400006429
47406,0,0.20215939303597552
43558,0,0.31921232119140003
18050,1,0.7602723172684874
36316,0,0.004710691822027635
11712,0,0.020717157408066955
927,0,0.2301410702646549
33713,0,0.0002127485579178341
43412,1,0.8439478682628532
16175,0,0.011594405632493112
38790,0,0.0828536116515131
9085,0,0.18133239442908658
6269,0,0.05301402415339881
14945,1,0.6564616657466601
33433,0,0.08194061431805713
33234,0,0.06594353021109958
20788,1,0.9914759870878688
32467,0,0.03303141649540999
37170,1,0.5593461894597398
2894,0,0.03418018431454981
14564,0,0.002120422555882196
29634,0,0.0007624266927699723
22418,0,0.0006920620606270441
6195,0,0.32404142449522344
27647,0,0.011929494652833895
45696,0,0.18497642812290663
38612,0,0.0013378658156953374
45902,0,0.008964389103576926
23856,0,0.01888655225476469
19141,0,0.0036307053144181414
33036,0,0.00033451869862638375
11490,0,0.03152105707463344
29891,0,0.024408609129947162
34917,0,0.013215047032201619
22998,0,0.08337394783247329
16409,1,0.636279950328955
25894,0,0.022367816320839205
48740,0,0.007391421894141242
41139,0,0.020597946393709685
34716,0,0.025134866106642353
42795,0,0.17123871709954983
4725,0,0.14333770476764607
29189,0,0.25561259694690613
21936,1,0.8546285883889785
45214,0,0.21248335927242065
41923,1,0.42538704842171426
16064,0,0.0065594985434383
39895,0,0.2636044044184372
7782,0,0.08690817335550421
15075,1,0.7081694335809651
23895,0,0.3364228516779855
48789,0,0.04101428502506543
13512,1,0.9966183247918976
34764,0,0.0010376783074697545
6805,0,0.15236367584285673
9932,0,0.0004514659803370996
26665,0,0.024621673369452802
40612,0,0.08103892044142769
7432,0,0.021733093442404754
6530,1,0.9986136857101678
16248,0,0.21419656835681095
16369,0,0.24259096592618584
41986,1,0.6974227163860202
4257,0,0.014529757132792063
8843,0,0.034485119599664216
14412,1,0.9946305716772038
39051,1,0.8671490757472612
25642,0,0.02549586259825767
15540,1,0.4582009457645336
430,0,0.031066084855455367
9285,0,0.12268615085516137
23717,0,0.0039953107224244035
22765,0,0.021177027125406145
19014,0,0.007643166619715032
46126,0,0.04438166887321606
28383,0,0.014898394427234833
16712,0,0.048147320869355026
27612,0,0.0010005305765803418
24239,0,0.36608828248806746
29819,0,0.15683308126404333
32689,0,0.04216818061811785
7564,0,0.023671522006001425
11399,0,0.0018818851231853873
45606,0,0.01830669752372125
42995,0,0.0011668122982242514
17796,1,0.7747672200788056
19120,0,0.001861497849172798
5747,0,0.21847253174977702
45719,0,0.11341716290726675
1485,0,0.3188127058305209
24729,0,0.024700557345991032
29036,0,0.39894623785682515
37646,0,0.0002737992302535813
9325,0,0.39433746249858687
38022,0,0.048764631246361954
22525,1,0.8189249894601716
13127,0,0.0025951867075451893
17521,0,0.13332677658005646
43196,0,0.18923811049198208
2248,1,0.48718500451582136
19593,0,0.0010314416762595973
2465,0,0.15197071067833273
19664,1,0.9374921764643416
33922,1,0.6168719326595212
26525,0,0.0048685527147555195
41196,1,0.9952129579432514
27233,0,0.0035229257611274828
8813,1,0.5034980492677904
26882,0,0.40255448343996375
48447,0,0.001045900516140956
9127,1,0.9989787934304071
43273,0,0.0010284895438095276
11733,0,0.16269388952800193
29331,0,0.02168981543987401
22778,0,0.4063396097942594
33672,0,0.005211687262391909
11891,0,0.14247497777958892
45371,0,0.4121207584157791
35609,0,0.0009412990909595526
1445,0,0.02226269093869013
18470,0,0.412170962300948
44457,1,0.48809359012907894
19438,0,0.004771820012251166
23271,0,0.0018727885903282433
22396,0,0.0003983201323391208
16034,0,0.3096297294202406
39263,0,0.2847778080433489
35041,0,0.08807670383933495
21021,0,0.004812645023181545
37085,1,0.5146774405483684
25974,0,0.05853903467656445
31282,1,0.9031448761030773
42361,0,0.32353910896332355
19016,1,0.47088189425587434
33009,0,0.20420094122631227
29529,0,0.006054884902523273
8558,0,0.005039670356660578
38183,0,0.019936447652228798
32841,0,0.38684518379694527
43845,0,0.03370854443810918
31555,0,0.3485112239174987
46730,0,0.08777882076321537
13923,0,0.07394476287944488
39254,1,0.6536329850316953
28905,0,0.21867138244945347
40220,0,0.349619729865394
8719,0,0.04879652725371354
17727,0,0.2502010267569129
43229,0,0.08868630612412096
42095,0,0.015759511673392013
40075,0,0.04714527262013702
48415,1,0.4704679256117527
9614,0,0.0006433562496183377
25886,0,0.04405736518642823
7625,0,0.004388916262608735
34663,0,0.0003093719329931304
641,0,0.3430057411141128
9999,1,0.6311477085204588
34539,0,0.3244366407528705
17758,1,0.7022901213941651
23686,0,0.1988851964035784
42889,0,0.027926320358588684
43143,0,0.251353686355428
2876,0,0.015355322898535088
27768,0,0.16778420073929998
39509,0,0.0033495479189892385
23445,0,0.2939706716212154
1181,1,0.4502732280352811
7340,0,0.0007001279266681476
24560,0,0.013063116114193382
34100,1,0.6794182077038096
8518,0,0.09783931070323879
34674,0,0.06330441648586485
21239,0,0.0007076062047162353
35487,1,0.7765232142081525
37674,0,0.006557012909750958
12760,0,0.42127541077071023
14502,0,0.0034817550964042574
42409,1,0.9934831378339569
6748,1,0.6187453049617064
20694,0,0.06376719145343995
8338,0,0.0003097343734392099
22345,0,0.052844541721719436
22777,0,0.08181452931216376
13243,0,0.01439279151256538
16405,0,0.00040908818581502894
2477,0,0.016738646564966694
41066,0,0.00037444280167468356
36700,0,0.03304026732330138
19892,0,0.0011330074034944292
24211,0,0.009718483776379641
19619,0,0.0002259026698774533
7181,0,0.018005210252155745
41820,0,0.02062502896894069
14033,0,0.028229641401077296
37285,0,0.04956584627947034
737,0,0.0012363363991757033
47666,0,0.03607138758840753
36056,0,0.26047437291923664
20130,0,0.31835235297512704
13357,0,0.047995438548262166
31642,0,0.15911622434821562
17805,0,0.13560503009153507
7309,1,0.994153368165117
45403,0,0.0002259026698774533
11828,0,0.12086728587915317
48781,0,0.18027121287127582
24910,0,0.11766781594378482
27638,0,0.21780861601632473
2625,0,0.0019066630073363423
25791,1,0.4767677534352034
1471,0,0.004179644776158881
17251,0,0.0004470909715684202
37061,0,0.01029399922939964
40751,0,0.018225526577961372
37504,0,0.00016205609710194565
31179,1,0.6938206826901056
28978,1,0.9967881535104187
47351,0,0.014739276023113472
39878,0,0.006278922790812119
40138,0,0.00037444280167468356
31752,0,0.20903136684206988
6574,0,0.024456323151187953
21105,0,0.028119308272987132
23003,0,0.0378627302120338
28216,1,0.4853440853651431
13283,0,0.10104924581715041
24106,1,0.7126185630342767
35125,0,0.029776803324730577
18594,1,0.726233629604343
11263,0,0.0009246988791389876
23880,0,0.2636044044184372
10884,0,0.06402207861005067
46645,1,0.513455950202224
2212,0,0.05782724874325165
40290,0,0.00022879727361916458
15237,0,0.0017288356511536646
32551,0,0.008542411800153856
15357,0,0.0012925373432587895
40450,0,0.016582355905633946
7440,0,0.23906424230172857
12470,0,0.011633541316492645
34843,0,0.042227049856601376
24962,1,0.4674469524580263
27299,0,0.2389695092500407
3289,0,0.16319729491216903
37361,0,0.0010970489537636653
12436,1,0.7377826025732257
46150,1,0.6302026891473285
42332,1,0.8666588731799838
41523,0,0.05466612517263259
14522,0,0.07459546795901478
46173,0,0.037214929601686965
4327,1,0.5058432831342847
15007,0,0.0075252208008559215
13378,0,0.11851454010028907
22256,0,0.03629210626462409
20745,0,0.00033511279204395325
24949,0,0.16269388952800193
36654,1,0.7119074877613879
7916,0,0.0004295503794393009
39449,0,0.024564750783781213
14807,0,0.1189959591424418
14234,0,0.030790479178793958
9956,0,0.00044117776585189997
408,0,0.001700773128877086
4385,0,0.0013286993786096074
17892,1,0.6707949897423403
8894,0,0.004400286461821038
461,1,0.9864121648731375
41618,0,0.000622476771285472
45823,0,0.018341585437519594
48670,0,0.010089769733978531
5921,0,0.04033382783508067
10993,0,0.3247357872384065
36054,0,0.002134955809483535
32980,0,0.0177520169743112
20521,1,0.9947342783560765
5035,1,0.7573305635122721
9206,0,0.0036139951388508194
42191,0,0.03299298857616638
2916,0,0.007971870152241293
13432,1,0.4640457912539571
44123,0,0.0032962776273291554
29943,1,0.4560013870817361
47128,0,0.059016661765153876
20169,1,0.7210697838169385
4349,0,0.3934650598204062
344,0,0.010973166154502955
10507,0,0.3310553970206946
34248,0,0.1441449893664469
15336,1,0.9979373550549688
39628,1,0.6223131269948282
16202,0,0.014180512774764956
28330,0,0.0008000710672839705
32037,1,0.4721297584601354
28654,0,0.0010766131779400816
33416,0,0.010035718545734871
17397,0,0.1981205484541322
45718,0,0.058094440424468666
34003,0,0.1343020935359527
45717,0,0.03302650794148087
4108,0,0.0858115278917715
17378,0,0.06925783815310992
40782,0,0.02497036718752051
22310,1,0.8097983473512558
3932,0,0.11236651733814727
31651,1,0.9981322848188622
8740,0,0.27172647913258585
41988,0,0.15843368291318094
30390,0,0.00383727041650256
28028,1,0.9902017127200459
39022,0,0.303759474110608
36216,0,0.005641996651429282
7145,1,0.7177881850544267
11236,1,0.7522257140329942
42645,0,0.17810027942122444
263,0,0.2528810611871086
4274,0,0.00028260776608268756
39678,1,0.5069720987649143
28737,0,0.001416394171527142
39948,0,0.125591434511453
20563,1,0.5756871128684565
29421,0,0.0005226176654900482
42074,1,0.5829368132357281
9921,1,0.49607549328137646
21395,0,0.053779140396952384
12595,1,0.509471045454165
35792,0,0.0033872770542111796
25315,0,0.00044433855848064315
6205,1,0.9377283337343421
1049,0,0.15195069149145665
30861,0,0.0019921727505904335
31998,0,0.41029413494369366
32406,0,0.05873702107465139
16614,0,0.012370422963141529
48652,0,0.024772503812730655
36568,0,0.10291598508885612
30036,0,0.07363622471045385
40708,0,0.05486171201072645
29368,0,0.08369056456583097
8579,0,0.022110792721829645
40650,1,0.846792758437321
9367,0,0.02327000269365421
9414,0,0.05532737046916636
30697,1,0.43025866808773916
48573,0,0.2448819406146888
34533,1,0.9805889734558675
33019,1,0.5998266068190663
4378,1,0.44093613237406726
11949,0,0.0371159361079552
4422,1,0.7008313843877235
3608,1,0.5976232344076654
23459,0,0.001733511992595588
9846,0,0.0011821209238355556
5771,0,0.05285458445688541
37561,0,0.0009784326642549173
40932,0,0.008807515059133589
32779,0,0.39421718565083724
11225,1,0.9547684833041402
26815,1,0.6192107596949358
31960,0,0.033290293968041666
39690,0,0.06411495254605197
177,0,0.3547767658153826
5654,0,0.25480383880349566
44521,0,0.14957441770681829
31356,1,0.45664141474492964
32825,0,0.22048288541686759
43360,0,0.03567861402784357
4970,0,0.009634438242353095
33414,0,0.026235466927829167
7977,1,0.49435167904925187
18389,0,0.2764251709904227
39722,0,0.0005393118240412272
48570,0,0.0025313959455654307
2886,1,0.8456915405600298
18401,0,0.053277041096246
33016,1,0.4720082877260811
44084,0,0.35970848132778194
40522,1,0.46911194463366385
25656,0,0.2224849485231126
46028,0,0.002261126840171343
48167,1,0.503435402396949
8021,0,0.13234847497625873
39703,0,0.006864876207930447
24461,0,0.2015995987150262
46134,0,0.008207367602969666
1132,0,0.00995784363972854
24157,0,0.003360278346185117
29808,0,0.00040818314569080307
31865,1,0.5734699929845221
24390,0,0.15049839746920965
44962,0,0.2088473866669812
24270,1,0.6635766240330838
16417,1,0.9943857521995645
10255,0,0.001050977908412792
4817,0,0.05677257078805833
36950,0,0.0031077215289739635
34419,0,0.06158224807773013
23733,0,0.10933154524745327
25781,0,0.015240119835243385
14758,0,0.00545006007934018
20352,0,0.0006578566397643244
37633,0,0.18586506685415624
43065,1,0.552241872925055
48400,0,0.018636594566431203
42835,0,0.0018135581654747854
23749,1,0.4391947545314658
22922,0,0.00770467609724036
12605,0,0.18335605997520799
18189,0,0.0002259026698774533
46293,0,0.27485684286789974
14431,0,0.009057403251998384
12180,0,0.14239686083478503
45982,0,0.01693886671812773
38355,1,0.7057629912950013
19069,0,0.012281771269692624
27698,0,0.0008671523868359942
40516,1,0.9842484845456576
29082,0,0.003718764046513542
5976,1,0.7372188155567827
12540,0,0.09572950662531322
48366,0,0.18672645157826348
3540,1,0.8200679689186181
37594,0,0.03373124148239373
16672,0,0.005565708696008362
28830,0,0.02286122623431772
15190,0,0.0009797352994591279
43184,0,0.017396759027739506
38940,0,0.0003958062634716543
2743,0,0.3556421696051886
3050,0,0.005688433525773018
30929,0,0.0009235216117212274
16958,1,0.9548794638067353
50,0,0.3103422840506603
32702,0,0.01076491554569875
10850,0,0.37453972832402455
25632,0,0.012574888284991466
11402,0,0.08223527899978093
7822,1,0.8079173277626334
34931,0,0.010738820113076749
46806,0,0.41402079142278764
28929,0,0.3147335945379086
30906,0,0.016166536497856578
4065,1,0.6956488970509342
43668,1,0.5708166766394979
44659,1,0.5693398622771688
7647,0,0.3510316030315818
23847,0,0.0007348030857450264
11668,0,0.016944837552499706
41377,0,0.0003681838307529825
41111,0,0.01700244890022733
16299,1,0.7730374861239833
35468,1,0.9154491340243502
41812,0,0.04797786173662297
46660,0,0.3934650598204062
5187,0,0.0012363363991757033
3185,0,0.10122991754597843
5605,0,0.31646012299037696
41411,0,0.023253404761475957
7357,0,0.03466092697999644
39053,0,0.00015528560943042303
32630,1,0.9886669932068551
24770,1,0.8128754052805771
19293,0,0.2735568629005271
174,0,0.029576718549912596
17747,0,0.0016005548432840074
30237,0,0.00030506561132453644
16267,0,0.30860831740932854
3919,0,0.009862128553894815
33822,0,0.0056939146564623745
42291,1,0.6604736198052945
41574,1,0.4378349108685427
37882,1,0.8115252917272666
34893,1,0.625617551911789
420,1,0.9950553449001207
25146,0,0.01068748502847415
1864,1,0.7185945839617088
5955,0,0.3214304813576701
25749,0,0.0032246569969754282
4337,0,0.04273096120388334
14132,0,0.2863190081308785
35474,1,0.5642379517764748
34644,0,0.0017023961328718085
39598,1,0.7148080151537367
12182,0,0.09034288151613401
13250,0,0.2981365857509506
33058,0,0.21176160775968336
24047,0,0.000329082916001401
29095,1,0.9983604977940347
11099,1,0.8253067140843213
48257,0,0.0019069037746275205
25938,0,0.004221104245107094
27195,1,0.48217087701965194
34420,0,0.11437340370801098
10021,0,0.14716122439634777
44654,0,0.05055441860039894
3244,0,0.11764810365712935
19567,0,0.008832895451314233
41200,0,0.0005997003588621569
18553,0,0.0002523765999128567
47303,1,0.6523963594555117
47182,1,0.4999995319595579
36029,0,0.013837612468375612
3805,0,0.0014920146507459554
45944,0,0.003931073176842432
22115,0,0.144141977012925
12713,0,0.4019465932106198
19139,0,0.042614003780419824
46243,0,0.0021640185261477714
26635,0,0.001992110352769296
11211,0,0.0434994802280688
41605,1,0.4771327363283606
647,0,0.00556345379640828
43702,1,0.9983558030421904
17543,0,0.033264793296791356
18108,0,0.002062493269812045
19608,1,0.4399550944229534
40800,0,0.19915037824049048
35729,0,0.004692908265110738
31385,1,0.9978963704128577
801,0,0.006913746197427322
35380,0,0.12041463431735723
47599,0,0.0016243187420626184
19569,0,0.0498081499355688
13048,0,0.05719745006127465
29995,1,0.7265716466326826
30160,0,0.061629563878319506
11082,0,0.0015169019847161395
16842,0,0.09452661209598032
3664,0,0.02644975976634693
18742,0,0.21778041346961874
34806,0,0.00011968614968891571
6348,0,0.015006328611693749
4245,1,0.707656806100387
1279,1,0.5600644785753331
5930,0,0.021708729163372218
30251,0,0.0008979234750528353
7259,0,0.4034689240793398
4131,0,0.00043024487784531633
20698,1,0.9933345895803369
48615,1,0.6791912647746683
22195,0,0.012601633688881054
28872,0,0.12619195881767878
44832,0,0.27922567771885115
18088,0,0.0007523639356952297
5688,0,0.004066690895716844
72,0,0.0018027876299000734
4156,1,0.660139542755897
3556,0,0.20209824432115242
34859,0,0.20011544107249477
15218,0,0.41554349286208314
4304,0,0.009437057822574247
8380,1,0.6097369237108085
28715,0,0.000366556555635039
32903,0,0.13565145975323079
2673,0,0.005877423130650151
26435,0,0.022367740951362576
21635,0,0.0017453582855777674
27376,1,0.5430013946858245
16467,1,0.8416313304799619
35751,0,0.06252858424540701
24329,0,0.016818826310574398
20629,0,0.0013336731954789174
38396,1,0.535076464822323
44711,1,0.8251182624861959
40171,0,0.0544031390110178
43415,0,0.0032558154500927678
28840,0,0.2593949143215334
41752,1,0.7143921984415443
27888,1,0.6413041408662098
47028,0,0.04747520343260594
2096,0,0.398899928140855
9585,0,0.25561567462958107
43386,0,0.2682064912929086
47910,0,0.20807185916181098
14577,0,0.01271839668393819
26698,0,0.038098141139872324
293,0,0.40061694806699394
48545,0,0.006642669737678068
47829,0,0.0017994370247567532
17841,0,0.028705021915144152
11874,0,0.01689115866499926
8277,1,0.9022745404655448
31810,0,0.0015032991105722745
48132,0,0.009878925252936177
27995,0,0.00025762131255928307
33228,0,0.001992110352769296
30531,0,0.0949107578487567
6849,0,0.4000185835515306
6584,1,0.6113947168290157
2800,0,0.017402042533865052
12967,0,0.01373371193568718
24711,0,0.08303634799512195
23288,0,0.2430774794450142
26451,0,0.035787715267254216
35581,1,0.5914443973858478
43771,0,0.2980528185253849
33935,1,0.9983131060093198
1031,0,0.00038077531840151785
30013,0,0.0028360684778201096
39136,0,0.012541649255951288
10596,0,0.015791755102319383
9524,0,0.10447212341807317
13626,0,0.025606715211599348
42284,1,0.6107798524354642
25692,0,0.0007942516796951718
43538,0,0.011315852789522783
41510,0,0.2679179371151629
10509,0,0.004817627842384017
37000,1,0.43942849484717766
12452,0,0.0006025393983232301
3228,1,0.6086506777834394
15247,0,0.14835410387238762
47160,0,0.1441449893664469
20932,0,0.18365740660518975
10601,1,0.4983983700053209
28462,0,0.0059767499541286025
37982,0,0.09769985481010976
37018,1,0.6522832431212622
1669,1,0.699994835614009
12473,0,0.05421834522477926
46402,0,0.09183360025140573
1739,0,0.2611156084095906
12620,0,0.0017671128119110195
9958,0,0.103642436060762
32220,0,0.003799173257596715
4773,0,0.1347459310860871
15519,0,0.00022563188938490495
16605,0,0.0008217424491258158
46892,0,0.3456278915037525
26811,0,0.1303956915617297
9961,0,0.26191422990928
22684,0,0.0015217052428832332
39098,0,0.11014233853905397
42069,0,0.01693342734354295
6753,0,0.04499167465082633
7221,0,0.017971860294364875
29011,0,0.15005977214583763
5229,0,0.01665826646783488
27285,0,0.4157061343469296
8384,0,0.06265068626952265
43728,0,0.005014915029040359
11757,0,0.012530685386251416
19296,1,0.9908486357217046
44186,1,0.5881737514321136
37800,0,0.008720235165111107
46923,0,0.370140073328177
7636,0,0.13182947429771102
34826,1,0.7324686503038979
43653,1,0.4905588273365821
28264,1,0.7435283083427429
33319,0,0.1288095006627034
5217,0,0.3303057267043261
22386,0,0.0049705235533232086
29682,0,0.023785753599778955
31079,0,0.0028277377892429
15332,0,0.055955847181569575
35026,0,0.00047384073461566236
41592,0,0.17107345943441593
47561,0,0.1046664115563971
29143,1,0.9969723480640676
22958,0,0.014829135866286905
1006,0,0.06460396202307218
6366,0,0.00359102731531332
24734,0,0.21122553743332517
12448,0,0.010465092481111386
13535,0,0.004772525465551268
14019,0,0.13092873555852896
355,0,0.0662641828163965
36578,0,0.002596577155434454
23478,0,0.043151168628597955
11439,0,0.3768395247710551
42106,0,0.03430122156104402
17048,0,0.00020994150560878038
26541,0,0.0708108781459617
17980,0,0.03164506146167869
47169,1,0.8813818823635028
43740,0,0.0005322629243697779
15613,0,0.0007682448471259063
25717,0,0.37842274200006165
19152,1,0.5689063402021228
2653,0,0.35256846614589143
15144,1,0.44074820201849385
41531,0,0.011910343252331604
6516,0,0.21051345062735277
37363,0,0.4109756594916361
26595,0,0.003649567010154253
32205,0,0.0323274388892887
22350,0,0.03178573088508297
46620,0,0.35207033241103136
7862,0,0.39183216523107484
36270,0,0.23007913246159795
21386,1,0.4966224275444596
14304,1,0.998029942339852
26997,0,0.0012556696975444014
10389,0,0.028551069410447893
19056,1,0.48281869000900374
15725,0,0.14123919625139195
42854,0,0.0045875224849089395
10100,0,0.09558541702019673
27482,0,0.040492024568463535
48566,0,0.02820401074734079
10661,1,0.4244917020100076
21007,1,0.620589484138299
4109,1,0.9908030132396508
41237,1,0.973210641850991
31834,0,0.011548701340392655
4614,0,0.003665677763790691
21838,0,0.00022553794487247263
38306,0,0.005376703907935051
20073,0,0.0004868241973586479
30422,0,0.4208554087673851
27363,0,0.023278843406871516
6035,0,0.29043133353383976
46819,0,0.27337681083825927
32804,0,0.13433564798120523
4409,0,0.3359445801433396
9562,0,0.02394258583622048
3426,0,0.10549371593528067
45044,0,0.0006549273549953009
15313,0,0.0021360963268442163
16291,0,0.00857618196264682
36152,0,0.025934918314218847
41389,1,0.7969942015511359
28781,1,0.7533812387660805
42326,0,0.00037444280167468356
11763,0,0.07695668774366476
20791,0,0.09183863255572314
21750,0,0.2978321157015264
18015,0,0.29519233122663807
40425,0,0.0009569694857151859
47537,0,0.048129856797353376
2001,0,0.10371303581582327
48575,0,0.0008087644051393221
10437,0,0.09700414387281178
45676,0,0.03571680734373702
35980,0,0.05235559967489138
1378,1,0.5869041841073764
17927,0,0.012269954274635961
22705,0,0.22002074295567478
41458,1,0.5949165402287727
759,0,0.0036718475694287184
31715,1,0.5098176375565519
17003,0,0.004719524849042032
8764,1,0.9917001596672405
46341,1,0.9987743982854723
16095,0,0.42127541077071023
20510,0,0.15169311579502048
4035,0,0.013286215675579634
44199,0,0.02057224844657565
15752,0,0.004376087487869209
43508,0,0.33977613324991107
41388,0,0.26231185956001024
2528,0,0.005255277613842754
46552,0,0.39377092173190137
31419,0,0.08993256818635348
44690,0,0.011594693562611088
41332,0,0.21976994218523097
13592,0,0.00022589652336462096
47637,1,0.819202367859794
24312,0,0.09385535604118499
30229,1,0.5505065014556382
26939,0,0.02972411497271059
48094,0,0.0003911470730546691
21871,0,0.0011298093959535018
43056,1,0.6340262051124449
40137,0,0.003880176572961358
32134,0,0.00023496008309207582
22740,1,0.7390463097200705
4989,1,0.5162546905170321
14737,0,0.1524640084706798
22884,0,0.002168301039338595
32532,0,0.02971282888395805
9890,1,0.8063710737769284
27138,1,0.7560696962836206
17582,0,0.0011995173194347553
44535,1,0.707171057734332
15870,0,0.0030643527900708046
7845,0,0.010548989820186871
24752,0,0.04028114947513164
28211,1,0.600784205941383
36208,0,0.0006746658326241854
26770,0,0.05885866743052509
30284,0,0.010041719507647977
34808,1,0.46020411139071693
4690,0,0.001217823438218489
32740,0,0.0011793891080101608
20586,0,0.3244366407528705
10073,0,0.32121209440534443
17021,1,0.5694633579300306
42637,1,0.7592915024450548
32390,1,0.9578492417890834
6362,0,0.027365685185617786
39588,0,0.003931073176842432
23086,0,0.0006971970609540418
14884,0,0.26635479505442594
35647,0,0.0011441460715854407
48083,0,0.0034261971096711456
47584,1,0.7114691327844151
29084,0,0.0043872368219944535
1499,0,0.015282797693614084
22457,0,0.2781692466705205
20914,0,0.0049786446721271265
6975,0,0.10616715906410855
5492,1,0.5983114183707104
27364,0,0.07144977186103056
37863,1,0.6705602842983044
41545,0,0.004712458140245177
5036,0,0.20138618904389646
5908,0,0.0020314016816376096
3777,0,0.0864790812283215
31422,0,0.10354508342452297
45481,0,0.011224672960073581
9062,0,0.35484304076164874
7360,0,0.00020155108118900854
9799,0,0.002433243337499207
25510,0,0.05228929207613546
25751,0,0.010597144224507382
25699,0,0.03165494683406723
8471,0,0.17992533780846748
11745,1,0.9353058369046123
8405,1,0.9349608533987207
23308,0,0.10778891245432597
26211,0,0.0017288356511536646
1488,0,0.03233122584866952
5752,1,0.5599035729952168
24101,0,0.2123669961651017
5628,0,0.2868966003301223
24725,0,0.05058152263726971
38731,0,0.03773226793331934
21648,0,0.02240809574675765
31852,0,0.017470029358789534
38694,0,0.10235132379304064
6414,0,0.0016526670598211706
4145,0,0.20855263404997906
16215,0,0.009660500575467143
10093,0,0.0002127485579178341
11790,0,0.003003208916407646
22710,0,0.009688279951397085
36847,0,0.1548491477235255
21506,0,0.0027445020578858075
20180,1,0.522948302882301
8691,1,0.971424859778574
4281,0,0.00662550123803569
6212,0,0.01679413758144163
38983,0,0.002499945231830154
34059,0,0.36174165196012886
12115,0,0.13350712332710496
13474,1,0.6564616657466601
42749,1,0.6022488899193312
18466,0,0.02367225358897413
21273,0,0.00044789303542427825
41925,0,0.1785513066012178
16244,0,0.002008395627547785
47511,1,0.9901792560902474
4071,0,0.0011328283714762942
18939,1,0.998971167871178
20027,0,0.00019057637391456638
1704,0,0.4081709309313965
4673,0,0.017488322588268147
41715,1,0.9972807111347561
17225,0,0.05549864613714551
3995,0,0.007984124740624043
9236,0,0.021374946033735583
21612,0,0.0025193270772176837
27569,0,0.14891389455000878
46665,0,0.04669171253984848
28375,0,0.3882665878818375
17759,0,0.02641198864612397
39551,1,0.9717616686017211
33550,0,0.03560364316603486
31866,1,0.9971875240998644
931,1,0.6501963506173349
26046,0,0.002346481892291654
37471,0,0.000993482488246153
12982,0,0.0010766131779400816
9831,1,0.9914876192961827
40325,1,0.808989538461234
12688,0,0.1801229723297608
22592,0,0.0011086952591947577
9025,0,0.15492687073977318
20773,1,0.838593258148382
37758,0,0.00018237980571189424
35579,0,0.4188604667359044
17165,0,0.0041998204592591185
46845,0,0.28097131762806327
14495,1,0.4999255556248973
26417,0,0.029368547380907294
37609,0,0.002450016525218871
15177,0,0.0002585535733624412
1595,1,0.8099170170397421
9355,0,0.2642995356458093
9442,0,0.00020556837403159356
7210,1,0.9987610336896711
9952,0,0.003586310817240283
22772,0,0.040796861203299783
20762,0,0.022411077367101764
33112,1,0.9583611997457634
9862,0,0.09378339913628032
15005,0,0.00026007514478741786
47475,0,0.30127688291288257
2111,0,0.17365986828501073
41412,1,0.535701151472571
20431,0,0.01932262107326544
20066,1,0.9876606576544072
16177,0,0.019790701611745103
3264,0,0.02217465250734974
31587,1,0.8237386927133988
35896,0,0.2792467853335464
38687,0,0.04597832081521517
6808,0,0.0012485101598478608
44126,0,0.008848272752437521
12904,0,0.004203280025725466
10592,0,0.03290351762287571
48135,0,0.16161504796186513
3716,1,0.918686794844655
13326,0,0.0036562433527332185
48061,0,0.004516278075349598
14540,0,0.00291106944424603
12934,0,0.0004295503794393009
29558,0,0.000669640666573693
23774,0,0.0011510421879045159
26787,0,0.17220560037225363
48719,0,0.022188792133564766
6194,0,0.003056787112896257
34026,1,0.47382442334055225
16003,0,0.18631471429929966
27031,0,0.05368440388095357
4450,1,0.8259508309328903
34600,0,0.0763767254380627
16781,0,0.009314739499350532
18499,0,0.38942122651767086
21536,1,0.5549047939528747
43093,0,0.13486507017983138
21413,0,0.01302171041349467
34257,0,0.18754782478818519
29326,1,0.9866817049343833
43024,0,0.10845756352923129
5370,1,0.6820108488967931
17832,1,0.6882247335337826
32072,0,0.001393358383467811
9655,0,0.08818231911289912
16600,0,0.033687762887777674
20353,0,0.07080096416507065
1122,0,0.005356098374359056
15470,0,0.09211080966813615
21618,1,0.6192107596949358
46723,0,0.20728556272447612
18431,1,0.6899707168253775
27172,0,0.006214701465217763
22918,0,0.012285201031168267
18502,0,0.3707324725103839
35746,1,0.42532967274409494
30225,1,0.516263654159984
15158,1,0.9499535572367815
40755,1,0.831133235085189
6677,0,0.4149721194678663
17915,1,0.9577494376684609
2762,0,0.06759657478193486
45120,1,0.8003325385795054
9537,1,0.7373872058273161
42509,1,0.49303700028651226
9556,1,0.8146376884141898
19635,0,0.000987948665284943
26043,1,0.9786149592123946
23121,0,0.05649853856869929
45362,0,0.002161682806147914
23540,1,0.76942970034772
22523,0,0.0059642747563379075
42375,1,0.5274987194568012
14852,0,0.3568022365245534
20908,1,0.77742790079377
26965,0,0.05388208657899262
19327,0,0.0007758798868023802
43046,0,0.1282075016519875
8953,0,0.005678048757370703
7917,0,0.0031340606611800627
14576,0,0.019295008674615075
18577,1,0.5029951645674572
31878,0,0.1658118261113822
23983,0,0.11246102813449753
16523,1,0.5745996888325919
15382,1,0.5348826352987639
45262,0,0.005053513203763781
1247,0,0.0008167284495347947
20368,1,0.608227451209713
13853,0,0.004156901181958907
9164,1,0.7484720700579416
18064,0,0.1622422818114454
41728,0,0.0006734104539187006
14277,0,0.014240526812729777
12972,0,0.22896583248259914
7983,0,0.007955130580438808
17691,0,0.00043603005352776643
3242,1,0.8429277673133084
46539,0,0.001984468729534063
16178,1,0.5529016699387512
35995,1,0.43673627397403686
1414,0,0.15715485099496618
38027,1,0.8289887184486684
45893,0,0.0013099792803956264
33785,1,0.9982824899880837
28333,1,0.9898359274151239
4827,1,0.47433680404211814
29695,0,0.008890369768967111
21048,0,0.025189923327522023
33721,0,0.023235397762989954
7252,0,0.011532730191102587
44757,0,0.019834656613106683
5842,1,0.7093861041214304
1622,0,0.05813452991674028
13656,0,0.05631127396625726
29436,0,0.0027291446055164753
2405,0,0.0005626674802441615
32868,0,0.0064008407063127016
40258,1,0.8651711409559273
17835,0,0.029003296034221325
34139,0,0.003020413812910108
16621,0,0.12060646990073273
28202,0,0.006923439135442226
42978,0,0.3472771475696267
26616,0,0.03562296720842676
37129,0,0.000248888050550171
43146,0,0.012837921221840623
4615,0,0.01721497040550749
1785,0,0.0032982324666774405
46501,1,0.49321802159912687
9023,0,0.08323514495409212
36974,0,0.04627185935412629
20458,0,0.001996250188331444
5147,0,0.0020198495178493543
42821,1,0.9605285599307297
16317,0,0.07040434864977876
5228,0,0.025159487716833018
47521,0,0.41242746525804624
31451,0,0.006391313044290813
16931,0,0.0651137380483155
37990,0,0.2872285016845704
5309,1,0.8042335144678746
19151,0,0.0038688263127035975
24048,0,0.0005189568421987312
35281,0,0.06177589149553514
16461,1,0.5688812773937273
13580,0,0.0009933216866135153
1852,1,0.975225450089307
7823,0,0.01904564715032119
16157,0,0.30692872167748597
5577,0,0.03927507853669292
28933,1,0.43942849484717766
8297,0,0.4051374899373497
43821,1,0.658704454190516
18465,1,0.9747561013196082
4182,1,0.745091383968247
20692,1,0.5674694299756945
17970,0,0.07727887225275804
3706,0,0.018008136532615418
23328,0,0.16147354956204735
5056,0,0.003218931698813949
27440,0,0.2711118297549378
10290,0,0.013699721094081805
28435,0,0.05549375246855343
48471,0,0.1873507692082563
35239,0,0.023547440558475668
31383,0,0.15489689834948278
48752,0,0.18654690412278357
33632,1,0.7663867192582442
39941,0,0.011677636093017064
18842,0,0.011704796718475966
38535,1,0.9872651772138241
42368,0,0.0004691122173335294
17288,0,0.0018021181394261125
2747,0,0.006442205183251326
14859,0,0.24131692400108196
7687,0,0.020567817197991195
35765,0,0.38093265927818704
17105,0,0.07179155461577728
35144,0,0.0021727524453169097
22335,0,0.21092428162449608
10802,1,0.49480700533214406
513,0,0.0072223941743353995
5583,1,0.9942656134607867
46885,0,0.022324022372491707
9037,1,0.7458356259013695
31776,0,0.15523851345157338
25235,0,0.0850905774406728
1977,1,0.6310596002560561
38026,0,0.07243842162016488
41474,1,0.48281869000900374
35049,0,0.020522393426129756
29045,0,0.002149562621706713
39036,0,0.0026917527687980187
20393,0,0.3200547971536523
658,0,0.11120791990720658
8685,0,0.012466448170085718
10004,0,0.06667578561056475
47254,0,0.008649195396221623
26167,0,0.35763001318749277
24858,0,0.01846030063590651
27368,0,0.22900893411767353
41586,0,0.04997101512839768
34718,0,0.00641482563137287
30017,0,0.002963473280339152
13014,0,0.12839543055556513
17404,0,0.007407159723466122
3900,0,0.016181299558884005
4879,0,0.4188604667359044
42826,0,0.01444832821868392
5368,0,0.02231205745205667
39600,1,0.528165369757912
7034,1,0.6351290986939754
48594,0,0.0009246988791389876
29861,0,0.08234065543742497
40620,0,0.0347485041889718
41706,0,0.09082613649615717
36346,0,0.3285862004048975
28575,0,0.0008951329312213117
9533,0,0.0007398562596270718
7617,0,0.2096169681189758
33971,0,0.0347713101568116
28848,0,0.08370753028251737
317,1,0.934143302639397
730,0,0.29799680126528155
16512,0,0.08653846209190834
1842,0,0.017886618996102287
2387,0,0.0020573390640008012
23031,0,0.06700229655958885
8669,0,0.07849973574066994
39154,0,0.3406169720035904
39482,0,0.16594541298190107
12725,0,0.000804443079614591
35467,0,0.1986821874885098
4845,0,0.0010152664270762148
30916,0,0.0024013779536650893
37979,0,0.007633190677925278
13587,1,0.4966819729107724
42684,0,0.36092286130851337
11484,0,0.018365955333065058
19663,0,0.26440345207539884
22180,0,0.2968473656845075
36014,0,0.013566761479820251
43722,0,0.00030987246643391335
3003,0,0.37108162294896324
29475,0,0.002172083657859075
21746,0,0.013714549650394193
3954,1,0.6237947378089448
36393,1,0.44515795375866
27097,0,0.0006413674046131048
32177,0,0.11527150341784358
26132,0,0.0015935654186591533
18145,1,0.9922638467059796
6341,1,0.9773731487558315
32534,0,0.0014779142717368271
28815,1,0.6600544700761212
21524,0,0.01760697669610556
18864,0,0.00044566066246310397
41777,1,0.755980013554405
4551,1,0.8902410824474364
1459,0,0.0010766131779400816
20138,0,0.0008659945718490007
15687,1,0.5025835639339225
13126,1,0.8286175071683807
43228,0,0.10193440595580136
33389,0,0.420439903632222
35024,0,0.3240599764480143
38813,0,0.21478062012254048
30278,0,0.01474471756037579
39078,0,0.3101239506609207
29327,0,0.01292827450679499
35069,0,0.0027854315837791944
32229,0,0.028094167149937063
18693,0,0.14352400659657785
8977,1,0.6983121438028619
41231,1,0.48276918892067633
14533,0,0.006769411607013548
21230,0,0.017163127080939054
28604,0,0.17693341308062183
5115,0,0.0244248733603959
10238,0,0.33778282328503184
39359,1,0.8518261102922303
25110,0,0.28438224371657306
12969,0,0.01933303215625062
41379,0,0.059574601788614664
38283,1,0.5187220644845496
18576,1,0.9846242540128316
7561,0,0.0017739357290025718
36815,0,0.016566069530482896
817,0,0.00024258199273270262
48290,0,0.0004400521988460584
32897,0,0.19653876536983755
13353,0,0.38769646286244497
29672,0,0.008561551750715133
37200,0,0.0003153055771873793
17535,1,0.6326512068143842
28042,0,0.02350772401517059
7950,0,0.006402496206966184
26502,1,0.601458616826792
36248,0,0.04938727797371743
44436,0,0.020782926704884727
17408,1,0.5016776323974291
38975,0,0.009878739268043044
36845,0,0.10672598330245382
9166,0,0.22181798087289215
35737,0,0.00029420613238994334
12682,0,0.0004216510255555241
20565,0,0.0002516805599711473
3379,0,0.06140783906890695
38169,1,0.7624567200293911
37742,0,0.06472756637571778
27304,1,0.4545893672542131
12933,1,0.9964346396328775
21894,0,0.24521550096856928
36692,0,0.12793959233488544
7056,1,0.774628400149816
34738,0,0.0008805328743395467
47903,0,0.003651986004588565
45787,1,0.47088189425587434
43691,0,0.033015724970789084
10477,0,0.029542374839420488
42316,1,0.5058713336803478
20821,0,0.3939542655730614
15607,0,0.04614719828970938
43127,0,0.07411793780736607
3029,1,0.5092698813569111
46242,0,0.03321376932262589
40083,0,0.00021520894980007525
44892,0,0.016238736052415947
28050,0,0.0008376243749277499
18185,1,0.9947247948210727
18305,0,0.0011821209238355556
26680,0,0.00414710043792436
25141,0,0.10860419044536765
46124,0,0.2592496563242277
21691,0,0.0008659945718490007
11197,1,0.9951374497881907
46394,0,0.20954835802932342
32594,0,0.0011590401540173005
8778,0,0.001181317943995349
48113,0,0.00037444280167468356
12831,0,0.00597787859350766
9827,0,0.3510316030315818
23838,0,0.0027156004261809107
32130,0,0.3603854342648255
5160,1,0.6809303872196889
31436,0,0.03707347768796894
6736,0,0.0009246988791389876
32694,0,0.0010193283318402475
2297,0,0.009343021615622909
3832,1,0.9974862415986546
32129,0,0.02699708494305183
47645,0,0.06487904802805819
5873,0,0.0017961284514342326
13801,1,0.6072164910300033
44099,1,0.8025520901927599
3435,0,0.0028075988673943865
3078,0,0.03290773195351953
1108,1,0.9986643161610634
33279,0,0.11587711131834749
6937,1,0.8298222049356301
43779,1,0.6258759936154359
37111,0,0.009896891574952993
11913,0,0.024419371302184932
46086,0,0.0009933216866135153
21132,0,0.002159209710276548
47670,1,0.500543880641868
45689,1,0.6853481220292352
13696,0,0.296043159889223
47836,0,0.38088498951544436
18926,1,0.5063986193788649
33243,0,0.21187768972901072
9732,0,0.0009230399606752832
37787,0,0.039079311865230726
39489,0,0.10491895459873087
41968,0,0.35379587231883797
7206,1,0.9676913920801979
13619,0,0.0007077130121920363
33902,1,0.44326622236033314
24589,1,0.4312658087581468
26764,1,0.6109265498953236
23542,0,0.001969545674030781
1676,0,0.000302042525290912
24449,1,0.9972848730037377
20118,1,0.5035984219369822
18552,0,0.05895618472817692
27992,0,0.22864697150163701
2586,1,0.4674469524580263
8746,0,0.003210656270997479
46371,0,0.002799789142307404
29646,0,0.003149848941958802
28661,0,0.17899235671754654
39786,0,0.02970593149277172
32191,0,0.003743460023885326
30260,0,0.030750608633562698
47958,1,0.4751335985807114
17897,0,0.007549183383300989
21878,0,0.0006556860675718826
33729,0,0.001419984431467803
24005,1,0.7875123014929201
11043,1,0.9924164660577113
22250,0,0.010641048171096705
4708,0,0.003565473032802353
33120,0,0.1459523650515817
33310,1,0.9863997534919748
43214,0,0.0006744851626328272
4856,0,0.0008636053955426359
1035,1,0.5265453867941943
234,1,0.9839888017696871
47840,0,0.0008987587621784719
30398,0,0.024082149133118763
33064,1,0.4923442009406786
7773,0,0.052862425078796044
41823,0,0.0004309010312223638
48161,1,0.4989989878642008
42058,0,0.04965254568310267
22826,1,0.5394858828065376
20124,0,0.0017520490853916984
9069,1,0.6576717102964009
19917,0,0.14864788330891582
10856,0,0.14915920667349317
20343,0,0.34432956475723253
27579,1,0.5102972618715533
45877,1,0.5921528116166593
41837,1,0.8942226294299058
757,0,0.0672119947807588
22495,1,0.9931695960820905
48592,1,0.9987809637221056
9312,0,0.03820728959893402
7780,0,0.0002259026698774533
23029,0,0.2731003282886989
13374,0,0.004568267681739708
42068,0,0.41907481297215393
12914,0,0.04687938490111766
48733,0,0.020320981738760686
7500,0,0.034338703129095156
812,1,0.5042163067931009
22902,0,0.0012592801239690759
41785,0,0.3227420548077211
26949,0,0.2527293669737806
8884,0,0.014919954522697123
12336,0,0.061265442256618396
16508,1,0.43873045756900503
30984,0,0.3837455327397906
33635,0,0.00037123089540760983
2631,0,0.4092817937629466
35338,0,0.0014260256875010936
9713,1,0.7864725712628882
45843,0,0.09788734478401248
1619,0,0.05435228448731992
34390,0,0.05059597363399223
5467,1,0.8263128324539216
12482,1,0.5102428683124368
14301,0,0.004046848568241513
5988,0,0.0012773233604682782
30722,0,0.01533914862976535
5937,1,0.427691069704156
20986,0,0.00021555697504066504
23215,1,0.9043671956782752
11100,1,0.46650506045877477
24348,0,0.1737926440332779
4223,1,0.4986249706925317
25787,0,0.13507182491687042
14632,0,0.030698643258841512
5011,0,0.016997724106259885
19609,0,0.005857647012205684
17625,0,0.043738783707325285
6527,0,0.03497326714196332
24151,0,0.041077944524263825
7194,0,0.04728769774191161
12125,0,0.3582676814142285
40870,0,0.0016894255920360407
25607,0,0.007327487881224324
20566,0,0.004676839714395871
42232,0,0.00016875037800071586
16306,0,0.004933294432849769
27174,0,0.003118228911524611
15365,0,0.00017855651643525577
20650,0,0.25411364857472984
27099,0,0.1857258511927053
211,0,0.04747151975971977
47649,0,0.00025965526187248753
40701,0,0.007511552927180958
35722,0,0.00760159116565689
34067,1,0.5290199729474798
35203,1,0.9925533985907132
9406,0,0.028765184237823666
3023,0,0.027669949934471944
32516,0,0.04317107780091508
5677,0,0.02198506772039792
14609,1,0.9886356380534032
29006,1,0.6338797862337926
28475,0,0.007467478972882542
4878,0,0.08460673112121304
24586,0,0.0023779085475112067
36386,0,0.06642763921921564
45860,0,0.2105028389208509
16398,0,0.08665280680654161
13130,0,0.0016526670598211706
47948,0,0.000537675074421544
47812,0,0.07357668109538197
31389,0,0.06215480669037245
16740,0,0.006439055442295249
13099,0,0.14750542772580688
20780,0,0.1487824851593813
7786,0,0.0043877921765708315
10860,1,0.5996545256022358
42732,1,0.7742578057965128
23633,0,0.048147320869355026
35016,1,0.5994664201161909
36560,0,0.001579288912974087
117,0,0.007955130580438808
18578,0,0.0023005647762066937
46745,0,0.16381414514663675
44114,1,0.9769118218209604
11533,0,0.00264026224412047
24804,0,0.3710412244985086
16373,0,0.21757900658660612
23605,0,0.33901767708372665
15682,0,0.38069973710986943
10640,0,0.027318356610144014
44345,1,0.43918493549726234
26923,0,0.009949536729781133
7480,0,0.003356521310403414
15604,0,0.0002711132315084712
24863,1,0.9902099713529293
24146,1,0.4931495579722894
9041,0,0.009540707474467764
26707,1,0.6671855546421227
44595,0,0.18690804224024865
43628,0,0.2500491619084565
34367,0,0.0037182147519077852
46585,0,0.3106242549997615
21418,1,0.788800865929173
33057,0,0.010348484648617175
22030,0,0.28413390980445413
28003,0,0.005912073320316919
44086,0,0.007822492276653626
24056,0,0.05808884202704425
40126,0,0.008720235165111107
29225,0,0.12190297097385971
76,0,0.0007470592353407238
4866,0,0.002217013765880424
21019,0,0.07793125713011241
41717,0,0.009576608306804046
1125,0,0.1847206371228601
13596,0,0.09905898313897665
19661,0,0.0030849595702721467
5330,1,0.7205692774678605
47286,0,0.19582638835190155
18755,0,0.17760264607180898
39337,0,0.0006446105841206929
40624,1,0.6483209920331651
32730,1,0.42440081005936464
21334,0,0.023180420788554385
22757,1,0.6310254447577193
41953,0,0.23745828853402626
25155,0,0.0007052087059920757
39175,1,0.5031450464755529
10428,0,0.05285856101352052
17174,0,0.06955179302869678
36277,1,0.8679879629964155
195,0,0.27650546763562384
38746,0,0.21029842197139714
37155,0,0.26273494445778595
19432,0,0.06171431312003756
2814,1,0.7708928103176823
15360,0,0.030409903222963865
45082,0,0.004967934271084476
2665,1,0.7738237688709575
25171,0,0.2861002949533078
44412,0,0.0001699267367481818
2953,1,0.5873492209000987
33201,0,0.00028661490898186713
28198,1,0.8594511748011049
7306,0,0.004670801453843889
41643,0,0.007783229515644678
40422,0,0.0673871182515127
14122,0,0.0006331969748370912
46185,1,0.7204643587275439
26843,0,0.11504743390915864
15274,0,0.051502288720821465
45375,0,0.39308570543080673
7616,0,0.18635229956229324
8455,0,0.0007013174858255552
19581,1,0.793331132223662
46334,0,0.004777638422032336
21049,0,0.03683900535974659
18124,0,0.128840644752879
32041,0,0.035667887112610965
37588,0,0.018457630155018553
14007,1,0.6345898004570184
48819,0,0.2361734570137417
39483,0,0.015034561329021529
1632,1,0.7372666245919145
42600,0,0.29407797550568865
38756,0,0.2997200948077511
20261,0,0.000587394527050224
14816,0,0.02609675755764499
840,0,0.03528507714935116
30543,0,0.007693220016097004
10344,0,0.26121675393907434
42555,0,0.34860153840080715
23792,0,0.013035485107732062
18687,0,0.36437018403942134
30089,0,0.003679549310170438
23317,1,0.7008694720354793
47075,0,0.16884172747179008
46988,0,0.02233013946447032
23274,0,0.024097261774289936
16531,0,0.04510647284427797
32326,1,0.998102601825293
6836,1,0.6456950055734852
2518,0,0.004811761241366787
32775,0,0.041854694997758825
29747,0,0.03103105953861189
46868,0,0.2649604083866883
26139,0,0.13482454919256684
48785,1,0.9683022920041157
1847,1,0.5158646094724891
43903,0,0.18207818946717308
17194,0,0.22770679179604567
22109,0,0.0013152246206891264
48536,0,0.004278879725404029
48639,0,0.39099295944803275
27061,0,0.05885753055177884
25251,0,0.0008655533458684277
37398,0,0.14984470126386118
43011,0,0.0631601472177748
42377,0,0.0007579951706735619
3198,0,0.0005212322033517518
2866,0,0.0028471997999637293
22002,0,0.0033448018632995635
27459,0,0.00036786228248146226
36004,0,0.15980454062169866
24412,0,0.31403359894937277
1737,0,0.35986783050016347
34369,0,0.07662982870397905
46087,0,0.3754956778436395
10742,1,0.6537399576524997
43225,0,0.06476844577464792
21617,1,0.5031826721855533
32133,1,0.9301495209196796
29626,0,0.3518017221634014
26498,0,0.0013092471147886178
34091,0,0.013687658436031985
47350,1,0.4373639243889014
1931,0,0.030233208753039427
40530,0,0.02043181058939696
1127,0,0.002853866792912501
13005,0,0.15803748867489467
19415,0,0.18338794328285873
44411,1,0.4637573456689935
17965,0,0.02267389200718638
6245,0,0.004139538416044824
36818,0,0.09926155613383156
38759,0,0.0035995709538131715
43487,0,0.22854492293820214
19033,0,0.22749992214109874
17238,0,0.02608688368534917
2889,0,0.0009749357398574034
24229,1,0.4641845343342927
15947,0,0.0005493854737485109
23331,0,0.0974240642700786
34075,1,0.654620842294956
8058,1,0.8377271556719185
16853,1,0.5671796888230527
32756,0,0.004579574582563624
25218,0,0.0033448018632995635
48065,0,0.13207954999358484
15507,0,0.27302771951791854
42922,0,0.0841866729360465
46199,0,0.0006571252598429856
5865,0,0.0005284357695905153
9027,0,0.05626541125147779
42453,1,0.6855660012044538
19893,0,0.002703442620063944
31228,0,0.22346053801729235
41580,0,0.11044017737902835
44455,0,0.04803879777467134
9390,0,0.00023056568931305885
13125,0,0.019857545924185854
21155,0,0.0008508293971470339
42876,0,0.018786642126025724
32939,1,0.760806729479694
26390,0,0.20420094122631227
15667,1,0.994644119819865
42289,0,0.30445347618438545
45883,0,0.03839003894429661
48684,1,0.6319859854599791
19827,0,0.012954674565942162
62,0,0.3913294524893047
32799,0,0.0012547451410262092
37962,0,0.30602857176991544
31429,0,0.07338634701651432
21277,0,0.14003015636538574
20571,0,0.00043024487784531633
6232,1,0.5307426851181294
1809,0,0.34612634198952885
9830,0,0.09730660405200917
5349,1,0.5909945115302059
15081,0,0.3297781871368653
21847,0,0.2670575364208064
38691,1,0.9916781091147928
7341,0,0.0006136204272601806
40724,0,0.18688397936088355
31917,0,0.000529756818237997
9759,1,0.7270536297771466
3490,1,0.9962135389664817
15072,1,0.9984640127252111
45967,1,0.9950745507185245
38436,0,0.04237928755100061
28746,0,0.00039113652304635015
9428,0,0.18227571670245687
32526,0,0.15121348935388104
22558,1,0.6432113402886311
33394,1,0.6254882369524274
43161,1,0.5830458597446706
22366,1,0.9951513170872712
20259,0,0.3584481373285694
30775,1,0.5071746364526741
41983,0,0.16380471258566914
1573,0,0.03632224576576994
12657,1,0.98819676068884
25127,0,0.12437412012567285
45947,0,0.04261464397721091
5224,0,0.03300981273495615
27892,0,0.04094919838155093
36909,0,0.34247928394061977
45094,0,0.1727010432319849
48166,0,0.3536835458413208
12293,0,0.00289534169841975
41031,1,0.7338262389534269
28393,0,0.12520401397765138
45631,0,0.35530205259383874
3461,0,0.36070469927597876
48782,0,0.015984753668593733
23408,0,0.17531541572112805
37070,0,0.0062887643291090305
22509,0,0.34125217935851304
31647,0,0.0007025377809685221
36119,0,0.22128715101324822
4895,0,0.10271939040664667
19167,0,0.004181232451629292
26240,0,0.29914632940713964
10312,1,0.9966088068002574
14291,0,0.0054696798605508926
30067,1,0.4415352935746262
7818,1,0.9628263762598844
3221,1,0.47193789893573834
151,0,0.06820961531027302
17699,0,0.01933303215625062
35084,0,0.20797544647132257
36077,0,0.2203029817370602
25605,0,0.00026458449802260325
4679,0,0.11437545795808055
24382,0,0.018772549918044817
26333,0,0.15804987587732686
31469,1,0.5127793303458247
41846,1,0.9525403613172306
16502,0,0.16733315287375827
22042,0,0.09789304450034586
10593,0,0.0057499094243699134
3930,0,0.021895402915474208
37786,0,0.02396448855897562
46964,1,0.5040727279157278
3299,1,0.7026864760368147
38467,0,0.03966454790057244
42441,0,0.17744007163724337
1490,0,0.009496287354425075
27157,0,0.30887099476786267
5153,0,0.1228027906687037
12825,0,0.19700355846070358
25509,0,0.017772114789426235
23780,0,0.2504648194490995
45763,0,0.016923036991158512
35974,0,0.011680750919784157
12427,0,0.0009696961747762611
31483,1,0.7505481776396812
30380,0,0.005615724910156417
22947,1,0.4244917020100076
35233,0,0.36009071499570544
32679,0,0.09670829530551062
33134,0,0.1589898408250483
7443,0,0.3428071905597527
26011,0,0.0003153055771873793
20274,0,0.06160843612438995
30082,0,0.07879120453541714
284,1,0.9625107527984629
38538,0,0.0974481587732822
21786,0,0.0050965935197111985
24437,0,0.00016861454924679332
22682,1,0.9378081064013574
7101,0,0.008150540733815303
19765,1,0.9908388299160802
46406,0,0.0008076571785040488
26704,0,0.0016049537272865549
9268,0,0.03858530262911675
24527,0,0.06772716415592082
35244,0,0.13817076712626614
45088,1,0.5826828145558739
11049,0,0.05121262803005499
33103,0,0.03685890157598093
42193,0,0.10727519941283571
23936,0,0.025510594327754904
16254,0,0.0014868906358212843
16948,0,0.012303801847496128
40813,0,0.0477862046646485
32637,0,0.003283890717563856
18267,0,0.0011716775351551245
23110,0,0.0905578843564664
42725,0,0.22076017201758202
37142,0,0.028479723880073603
43033,0,0.040772969578680485
3790,0,0.00030551739576961337
43279,1,0.9901006650499584
1698,1,0.9985223319338631
26350,1,0.5186542968970371
32933,0,0.2199543168941489
21795,1,0.7526018238544114
40644,0,0.005880293665200755
4977,0,0.39717122196295357
47318,1,0.8710960310684996
19828,0,0.21066470915570795
6068,1,0.7831456848471979
19707,0,0.01229824960381999
44481,0,0.007403970353254904
10055,0,0.029190096119086056
11988,0,0.00039355619286324494
47095,1,0.9957384116327211
48641,0,0.0008191686137925746
32142,0,0.23870802321148785
27350,0,0.0022926559628945638
21370,0,0.03450424960232511
20365,0,0.0010014122357505984
19731,1,0.489984509503106
37884,0,0.3293727810014753
7143,0,0.11013264598041134
37925,0,0.04645621163872177
37436,1,0.9987944816172764
45125,0,0.0006177417893489472
3505,1,0.5221164241999066
32499,0,0.04597232183614325
43115,1,0.6727887388921543
5043,1,0.7199750170998641
7028,0,0.0023641134891681207
36589,0,0.023114122702615182
29573,0,0.07888329905651238
11887,1,0.998080682275631
21729,0,0.0016649748996676393
11809,0,0.005253688899800382
23968,0,0.2552160853338546
13836,1,0.48006220830586793
40272,0,0.36947823617196063
3190,0,0.0029263622884157185
6189,0,0.1604308530008272
38671,0,0.0008033200720634522
32547,0,0.0026228455874275983
35160,0,0.010761924710216142
41016,1,0.8013879353555481
14721,0,0.2151900688207541
18805,0,0.03314053557556809
2266,0,0.006955695042036032
23747,0,0.0036368871602434605
8351,0,0.0002660926156903598
46994,0,0.02769374104601651
5626,0,0.144141977012925
26607,0,0.10664044738060843
36927,0,0.2557098625656585
45225,0,0.3244366407528705
10461,1,0.9191764788025173
12286,1,0.461366316458845
19175,0,0.11353821477912167
13140,0,0.00021520894980007525
20348,1,0.8728073917164748
38204,0,0.23248628687572057
17012,0,0.07885777179615697
14749,0,0.0534888864167164
11332,0,0.26313499772946236
35584,0,0.0022264764404748066
5740,0,0.0304564279361956
18961,1,0.8693760940975065
24073,0,0.006591206735033138
26022,1,0.9801286286793144
8727,0,0.2404461733419738
7380,0,0.3097587251314913
6916,0,0.0015114560099636493
34076,1,0.9525228571283355
48811,0,0.05455837928162752
39859,0,0.21760640512010476
43004,0,0.0017337781835911885
5072,0,0.35897001046600874
27494,1,0.501577192323245
33939,0,0.0027259346454522387
12011,0,0.3632559971740664
7790,0,0.024847335378950636
32035,0,0.007995083494318758
18295,1,0.45510538344111506
32656,0,0.06193749337644987
37836,1,0.5895695605914201
36937,1,0.9870855497410076
2583,1,0.7923936281335504
28143,0,0.26571120172698554
36212,0,0.0416236362266329
21545,1,0.9957205422669819
19891,1,0.4373289011429324
42199,0,0.006960394605445155
13753,0,0.21119806131214985
33749,1,0.5285466515878812
32213,0,0.0003480816250486839
28580,0,0.019373191796699475
25609,0,0.00035620066408426564
48647,1,0.9958505111486595
8195,0,0.0034169426911850966
40521,0,0.17795019919139501
20802,0,0.00019603445652158314
38787,1,0.7316775858800963
42354,0,0.01434353387944801
37803,0,0.0008734463175441078
42557,1,0.9974355508409113
42490,0,0.19040273868712385
48272,0,0.10627473778086648
8880,0,0.00997113709738324
19706,0,0.0019298061187085764
31548,0,0.054267778790114234
47067,0,0.06204655796039861
41367,0,0.0038975171359686093
25450,0,0.08673920917611813
44824,0,0.10776856592863701
19359,0,0.27903630369798593
17713,0,0.03877101141457631
26928,0,0.030587108359860508
20443,0,0.012193402547201576
22588,0,0.006708183223397277
1535,0,0.22081823444096804
46302,0,0.24355030290603438
20934,1,0.6099523717113399
12354,0,0.06606628045060227
48333,0,0.001464311447560777
44701,0,0.002779700880330981
26849,0,0.037255676580700295
44951,0,0.011549656558580765
6624,0,0.07363232185731988
26894,1,0.9921759655100008
5541,0,0.0014511390794819336
21029,0,0.01945237489689107
39535,0,0.02024317701494804
1140,1,0.5185837041889021
30085,1,0.9573089144672468
41447,0,0.21176160775968336
17785,0,0.004596687683431467
11437,0,0.003145587475623051
44017,0,0.0019876586803263155
3619,0,0.0002070112142110212
21333,0,0.00020850066899486363
30797,0,0.004139538416044824
23696,0,0.16112015510680253
44119,0,0.3698031546019727
40411,0,0.04510094777969827
22699,1,0.6813530908020402
33802,1,0.9865708260491697
9196,0,0.0018271484755750425
23257,1,0.9977666051029812
26085,0,0.21356748089449076
33090,0,0.0013703024492264775
10501,0,0.006068764176742803
12419,0,0.08939367959746468
33727,0,0.03954784761793566
20967,1,0.48717147514271736
44325,0,0.00073686779584478
21202,0,0.009756944804905293
38101,0,0.34917109425150356
31320,1,0.5767422362354343
45776,0,0.17169125520543724
6977,0,0.004816932095997673
33605,1,0.5595868171833659
19899,1,0.49411611700509717
38553,0,0.0022111063384578464
2763,1,0.5992337612053292
48178,0,0.0010327055044995815
28108,0,0.04012480588714654
10822,0,0.03133089404649834
48197,0,0.005780193619497248
24116,0,0.1592734476153237
12734,0,0.3625429442300705
40456,0,0.25628126211550506
10528,0,0.1404913438924109
8963,0,0.05071526658748731
18058,0,0.0017918183942198238
18144,0,0.1600728314081681
37952,1,0.6572927547688981
29940,0,0.19434346234204866
14171,1,0.4876204475172845
29720,0,0.001149199118739519
11542,0,0.23751955388046891
34897,0,0.31522985175049417
9142,0,0.002981933953408602
7230,0,0.04228395570567033
1418,0,0.15049839746920965
46444,0,0.2018913562262773
18184,0,0.002930303963066655
38285,0,0.41249377322697556
27854,1,0.6046589516410433
33496,1,0.8181306027278018
36236,0,0.13744842493723133
42764,0,0.0031400631273187
42683,0,0.047159180657088955
17355,1,0.8484927364034344
21744,1,0.4459468877243841
26792,0,0.10247467250820522
34104,0,0.0007119800961027275
23183,1,0.6311240969794882
46883,0,0.000622476771285472
2112,0,0.17420405119027785
43023,0,0.0048237482972182805
10931,0,0.06396650603221295
47984,0,0.14214032968525955
37415,0,0.1365889204323503
38087,1,0.9887048969599486
35514,1,0.6818253635900434
914,0,0.0008659945718490007
23416,0,0.0009753113624097177
22446,0,0.03761277279814769
26600,0,0.005510638970768828
35675,0,0.029182869865852508
25633,0,0.42165010992921964
40907,1,0.7782333983923901
26591,0,0.009924922497632183
15032,1,0.9591816436453897
18195,1,0.44788898587050774
34849,0,0.12014921601777577
4083,0,0.14267088530326016
1332,0,0.0012850760070758308
17988,1,0.9932660297232634
30990,0,0.13347367174487462
10070,0,0.006007966542194049
35357,0,0.07418005166279927
29112,0,0.017269056782517913
8529,0,0.0006161938976956203
11030,1,0.9952720059704189
21504,1,0.7234120330038741
25532,0,0.13917335681882662
15227,0,0.10461027251332927
11833,0,0.21848538086582348
9074,0,0.0024089731227995405
48755,0,0.044834256581121765
6434,0,0.0016995857818988705
27448,1,0.5253981450769339
10440,0,0.14503227640394703
23874,0,0.00728567910707132
4200,0,0.09412842522477528
37512,0,0.009557428867398226
18623,0,0.0009036914835361268
7071,1,0.7583802996652852
20437,1,0.6820095556045094
14463,1,0.9852366774624786
26742,0,0.0008920116048397265
9225,0,0.06161703755940147
19821,0,0.0008577759077127793
22148,1,0.5782075781461535
47879,0,0.00526546830009878
37728,0,0.1680181358973877
18845,1,0.4315840588152178
48636,0,0.042370440380678324
25556,0,0.0781993184204048
44241,0,0.331171148562024
19627,0,0.04943970342051311
631,0,0.23534203351863012
44940,0,0.04737325572010579
2277,0,0.2433284084645549
29759,0,0.27853073416306096
29124,1,0.8760133671826479
39213,0,0.15741313855106842
19398,0,0.0017267786193933326
4273,1,0.9977388444556322
7,0,0.3136320532940456
2146,0,0.0761589022792716
28046,0,0.39894623785682515
43215,0,0.03917288295474023
1700,0,0.0017861473522683667
31397,0,0.0094091542447565
23795,0,0.21807698695991912
30823,0,0.25223926568227095
22202,0,0.012355798976885842
31621,0,0.1056847499382805
14342,1,0.7366262677980486
14805,0,0.0025516381493633777
7479,0,0.10856315985307084
21290,0,0.11997596027273794
39573,0,0.0003976771461417107
30057,1,0.5460884598339625
47223,0,0.09520116315415973
47539,0,0.2641471727547835
24923,0,0.0006151350251592329
3456,0,0.0002221590466842041
36896,0,0.031191211296856577
2736,1,0.7701177604294503
15999,0,0.09807806666128249
41296,1,0.7059310780554567
20718,0,0.022824413130219535
7614,0,0.0010969153109234105
12619,1,0.766105337389293
47703,0,0.0004430284634957197
46105,0,0.001260654966498699
15444,1,0.6902467824100281
1722,1,0.8047859801946238
48535,0,0.03649083757301458
6185,0,0.0022108893861669658
5216,0,0.016187898528005916
25493,0,0.002277675274337595
7162,0,0.0005546504461239355
36710,1,0.9930251435305174
33819,1,0.9795121451886056
2095,0,0.28037749306945436
13658,0,0.10544114693806253
1865,0,0.0003721570594668249
30224,1,0.7225383769053694
28160,0,0.022460281467223415
22933,0,0.06489386811886591
29386,0,0.13229646209993984
24609,0,0.0005085722597249887
20349,0,0.0006573599181657405
46136,0,0.0019154708893891008
39894,1,0.7836734561812885
1403,0,0.03037813033187835
537,0,0.17071426917667987
47800,1,0.7697404482704421
25115,0,0.01756766826700966
23725,0,0.2796064810835019
41191,0,0.0006920620606270441
44049,0,0.21552239762161474
46537,0,0.0009421618151582768
41238,0,0.0014811785917699793
16340,1,0.516303716219675
44339,0,0.000631348574775822
16797,0,0.2933810329781088
20402,1,0.4785509560443159
38482,0,0.012755682028352722
25478,0,0.078563608033468
43086,0,0.22212763539829156
31745,0,0.0015474838627218884
13684,0,0.005121000973736528
13612,0,0.0537956890909836
38732,0,0.07447133972672398
15281,0,0.05827082603160172
6374,0,0.2799976027534607
2299,0,0.007413924722659707
27999,1,0.9968314563417806
6649,0,0.051512332797272326
6197,0,0.0018593541127769277
44350,0,0.0015267882739257701
25258,0,0.36321139603319186
16228,0,0.017991607722538692
37895,1,0.4912712413958637
4166,1,0.9855700739331269
29348,0,0.13255306589463067
42983,0,0.07954707640438176
11576,0,0.000371970270845329
1957,0,0.15223722406222698
10425,0,0.033755289869317855
7566,0,0.38137617561740444
1732,0,0.13187236758296259
25066,0,0.1684950847457274
26308,0,0.08896684099777623
28837,0,0.2432408734943984
24038,0,0.05659105865036402
26878,1,0.5619935191288442
7577,1,0.7160516050204664
11221,0,0.00023471610904913105
24647,1,0.7494100682305341
43053,0,0.02888383503515666
35124,0,0.06417520146641256
11108,0,0.4051374899373497
44138,1,0.9918160404511643
28962,1,0.6586810513922274
27451,0,0.1975909315233885
7744,0,0.01093112252581947
35157,0,0.04409273213035144
36120,0,0.031180258926289714
20064,1,0.9886026530279242
6840,0,0.21764525035417603
27405,0,0.0029140135519676817
9021,0,0.011974555299434765
1167,0,0.005765453326691097
16271,0,0.3259059285387792
35447,1,0.9212853662239651
36472,0,0.00016875037800071586
29939,0,0.006841680012005512
38431,0,0.028094086871264735
28481,0,0.20654930133954275
19081,0,0.0022577633377921617
21113,0,0.0012249702518548206
32538,0,0.03625476308762946
27064,1,0.980523731277184
29866,0,0.04908011384187016
2270,0,0.0022378572664077307
8649,0,0.3986186680693124
2446,1,0.5400793645820011
19648,0,0.0031357801143742153
22980,0,0.28952616594185215
21402,0,0.31065676341225185
23623,0,0.02238564135932086
12981,0,0.011645025270675333
21762,0,0.2617856780302396
23701,0,0.000757823255495099
33374,1,0.9850044888548309
2349,1,0.840738393775324
25149,1,0.572647865588905
6760,0,0.0025974955010743465
24717,0,0.13918537712334933
9026,0,0.0025465612117273892
39704,0,0.2795083576916161
8443,0,0.00011162788426195091
43874,0,0.04568038813083035
38224,0,0.18631471429929966
29713,0,0.029177680287630167
37107,0,0.07749535056452332
11661,1,0.6349020462202312
33483,1,0.5195495542537073
34314,0,0.31705472346927893
43102,0,0.026880187881026925
18619,0,0.01506306125226613
45134,0,0.2636044044184372
1789,0,0.0041983302925137885
21056,0,0.35038901613910994
893,0,0.3034742047077309
41943,0,0.0007352685313664582
10422,0,0.07081044468734739
23585,0,0.26755443028389386
46858,0,0.39101425785725663
34788,0,0.27983362781091753
38882,0,0.054460766088973725
431,0,0.004010582401417708
18787,0,0.20325799226776403
46434,0,0.001778495065875642
25956,0,0.41378283318259057
34261,1,0.9417058100458422
14626,1,0.5038570664674233
7569,0,0.0012303370865785234
26753,0,0.18269845451302927
1617,0,0.19545602993990563
2865,0,0.0647513786041085
253,0,0.24087443207412376
26542,0,0.21071969456800788
677,0,0.04528422130005765
14696,0,0.000686411948151161
42806,1,0.9926159398168922
6014,0,0.007063960947700301
35262,0,0.007294461282391634
22824,0,0.036344672720666694
1671,0,0.011910343252331604
45493,0,0.0186162044320535
20833,0,0.0010152664270762148
10657,0,0.0027809126121706284
2645,0,0.18701971829887318
33346,0,0.0003870603500409791
8376,0,0.0030354042086499673
10658,1,0.5986256468255713
37929,0,0.036467958780193176
39085,0,0.0006920620606270441
37443,0,0.0019177089829086713
24706,1,0.5073231757373239
33139,0,0.02985656698236948
19909,1,0.45631709367086853
38123,0,0.07918453421170756
7837,0,0.0002259026698774533
26067,0,0.0026970668510975866
44215,0,0.0039277763151512575
38736,0,0.3266868596459543
38695,0,0.0002641646603118686
23535,0,0.16399196018857345
29371,0,0.05865038820680526
11000,1,0.45657983216599185
34695,1,0.9656726587805169
9352,0,0.07201390350519185
44127,1,0.9401975240638835
40226,1,0.5993979840613555
27554,1,0.9888566922062125
38718,0,0.3102893400104323
44929,1,0.9770847640722018
35042,0,0.3926692134555937
40589,0,0.25455746996849277
26745,1,0.5537055237608431
1054,0,0.019883348489171043
10690,0,0.004712458140245177
867,1,0.5017078907101857
1975,0,0.001297873662872513
44778,0,0.11772225800878994
4072,0,0.0027521590962793626
32806,0,0.018860824046668292
27423,0,0.014359064184663334
23563,0,0.0004230047323655444
20989,1,0.5409818080391814
14251,0,0.0004613801729549096
47986,0,0.015948906100742132
19536,1,0.9945744684717619
7683,0,0.05629171459935231
31714,0,0.03471598917208713
10211,1,0.9986067433108544
29659,0,0.32517066718521065
9401,0,0.0029566351611349764
9448,0,0.004236072154341109
25457,0,0.0003776457074650245
30919,0,0.0367187829433573
16618,0,0.005548839255265496
18870,0,0.1932947617859735
28266,0,0.007440501762233816
46575,0,0.0002259026698774533
29485,0,0.055056528018099
27050,0,0.0024483888353320753
42990,0,0.002516200991678517
32476,1,0.6614447719469209
5611,1,0.9933516597741213
30350,0,0.008818640893449333
6721,0,0.10929149523004321
7906,1,0.5488607799992868
40966,0,0.019770659530727923
11839,0,0.0010951154035269174
12624,1,0.8254668247030892
37219,0,0.0007774141613249085
687,0,0.007908216206365318
16963,1,0.594673357037481
42015,1,0.43782807197759366
28488,1,0.6208661751764083
18496,1,0.7668878664125027
15058,0,0.17810027942122444
17780,0,0.07483724089602962
11213,0,0.23884830554512185
625,0,0.021076317877195355
30754,0,0.08367156533149188
41393,0,0.004301280530652967
33604,0,0.0009200976864461276
9888,0,0.014889955206986686
45000,0,0.00014839166019435336
37968,0,0.025990911380571236
929,1,0.9881885611200191
46567,1,0.5955873953760107
3674,0,0.31088395882104275
32929,0,0.19493746219213573
23824,0,0.008803554016271146
36997,0,0.1544702496897284
47110,1,0.6111829296545689
500,0,0.06381873116950444
26239,1,0.7133396194626437
44933,0,0.4170698412620827
25407,0,0.21380849609718003
26654,0,0.08455569828264006
14712,0,0.08335762871548717
45213,1,0.9964158253374381
1674,0,0.04353236224510466
44152,0,0.3145468768530933
19459,0,0.03596353374940049
41182,0,0.00030093667341658586
20936,0,0.2730482422767273
33214,0,0.004732671491225836
44293,0,0.005289040911335206
17278,0,0.19451076283729407
29730,0,0.0008656348429035649
40374,0,0.05732720998961682
5924,0,0.4172822793460269
28565,0,0.0020761554877573142
42149,1,0.9919530591211171
10782,1,0.4851110374235962
41738,0,0.0020563780485175257
44475,0,0.023030918990477843
12525,1,0.9689397356533453
40432,0,0.0027929447335422455
22782,0,0.0002495127807536873
22514,1,0.7782345713325992
26511,0,0.0002221590466842041
8474,1,0.6466798160944336
18237,0,0.14701123324852036
47608,0,0.01641038495590849
41626,0,0.19881159742524862
12516,1,0.6505860415658384
40066,1,0.5393191440474028
6433,0,0.00022589652336462096
6018,0,0.29661764923579964
20262,0,0.0007778711703566801
16578,0,0.17048402854474054
16887,0,0.36674641249949086
14159,0,0.12601409564812358
41028,0,0.0010766131779400816
10466,0,0.00913119492344979
45952,0,0.18482280049835295
43717,0,0.009720738281024011
31738,0,0.0015212630277353268
45797,0,0.0003800911802190101
15424,1,0.6352314295070005
262,0,0.05739081333537393
10431,0,0.038681307349283385
38322,0,0.029726174352199958
25866,0,0.3205421709775956
15953,0,0.007627514327517496
48027,0,0.2708601686766657
9065,0,0.04135983178836439
17639,0,0.03944225036396631
16484,0,0.010546874759247513
43634,0,0.06102530508688339
12104,0,0.18414664538733042
14037,0,0.03986735618482664
18216,1,0.6908821482670314
44288,0,0.0002398666400006429
41061,0,0.2950254659654335
14687,1,0.7107593216965528
28302,1,0.44826669114751677
14230,0,0.03916615468026903
10950,0,0.016478078658881352
17732,0,0.006096211944794987
23976,0,0.01845380154386071
39032,0,0.10806595094563685
19161,0,0.0008280404008039676
17259,0,0.30071270997139427
37815,0,0.15523851345157338
20281,0,0.02408704175955366
5855,0,0.03258385102313969
6751,0,0.001393358383467811
18005,1,0.4567018200259555
37926,0,0.087857173376072
41407,0,0.0004775618160448751
46956,0,0.3963492054083884
25225,0,0.22048288541686759
6557,0,0.17315847181110008
47440,0,0.19534524009881013
46162,0,0.0009412990909595526
15915,0,0.09691030794226307
1034,0,0.0027093911064897877
594,0,0.0006682030670059687
14169,0,0.15882518800042672
17667,0,0.21127414160922509
26301,0,0.0411640583852589
15825,1,0.5486346387054464
14829,0,0.022629729221964066
13346,0,0.0022052551074483004
28714,0,0.1456389051700175
11164,1,0.49930563199039907
30128,0,0.4039116206978767
19379,1,0.9897613170291156
48665,0,0.018686780879981147
21346,0,0.04102352846391082
43939,0,0.05096555046048147
28881,0,0.00042691620197433136
38584,1,0.9964664674350063
25487,1,0.63049754843162
2917,0,0.0013983276811274604
34969,1,0.9246780876791176
1292,0,0.35366424105785566
38228,0,0.0033197602837354285
4767,0,0.000824275299026049
24636,0,0.21984423627453414
7328,0,0.005880832819861887
874,1,0.9352058075269617
43604,0,0.04582545669849826
35650,0,0.3958619698299214
4538,1,0.8779314821788362
18537,0,0.1925086423802762
1820,1,0.5605445411309696
47698,0,0.016081418409617423
23318,0,0.2528164438176473
30388,0,0.0015826128073353448
22529,1,0.775023197327804
2023,0,0.13195555224452327
21128,0,0.07750765281458699
40815,1,0.7869148478804671
32673,0,0.03644289608914651
8041,1,0.9821450029885337
17279,0,0.29199809906927227
32119,1,0.9965053933496639
24615,0,0.09795417630115892
6485,0,0.003621399304760852
48550,0,0.002431981288677337
23181,1,0.5327612545316625
1929,0,0.00641624783089244
30467,0,0.37782720092583016
32193,0,0.38759036049563783
34449,0,0.08874789383644398
10676,0,0.0048686272831426555
45079,0,0.0239474444233058
17532,1,0.5005523283130201
5967,0,0.005977954469582127
13686,0,0.2851813517731259
14189,0,0.005337906675636802
21057,0,0.12314008861130941
12082,0,0.011556478639242548
15201,0,0.0008391629227456393
1662,1,0.7335203993906861
14241,0,0.022752410685014345
35571,0,0.2699428266538622
3735,0,0.04013933576919137
27736,0,0.1901417431060232
30974,1,0.9977382172924578
18150,0,0.017671420516890825
2550,0,0.0010766131779400816
11528,1,0.8234578585155373
35564,0,0.0012222451628672497
4105,0,0.00017699794403897866
29359,0,0.05763730427281576
27670,0,0.05175307957785087
45393,0,0.014578911877131385
38340,0,0.19665551034678116
14961,0,0.31763893964254586
37309,1,0.581690802008814
11190,0,0.011102225893474649
10124,0,0.0006746658326241854
42506,0,0.0005164540393128972
27155,1,0.5023405632460124
37755,0,0.003034903873142949
46859,0,0.32895220503082123
29885,0,0.31413216858577303
15192,0,0.03207254500271262
40477,0,0.2044512813072639
31504,0,0.15144569901328675
44903,0,0.03027285162050823
30516,0,0.0005223465639934378
23616,0,0.39099295944803275
24940,1,0.9967002929462409
4786,1,0.4361638251152506
13036,1,0.9955080187199464
25037,0,0.013830085424395323
30230,1,0.990678348887681
11808,1,0.5688626556778159
9469,0,0.000537675074421544
38880,0,0.3723088456904835
10203,0,0.0027237451323455955
38218,0,0.0033014074031690504
585,0,0.020919953635306188
10414,0,0.1754862361984409
5327,0,0.03334821921628748
24546,1,0.9294522744777859
38515,0,0.21176160775968336
40665,1,0.9589225860332723
48702,0,0.0052994229447868215
23905,0,0.0010826819124882257
29155,1,0.9880812270702549
39361,0,0.04326524352196019
28228,0,0.18791687634142099
424,0,0.26063498991356315
23731,0,0.25974217753159634
37350,1,0.9848075459454875
14355,1,0.9939261606812642
14066,0,0.00031488510651076976
16658,0,0.15852514274710433
41211,0,0.010404733517560246
45312,0,0.04287646804573804
4742,0,0.007250096050157386
31047,0,0.019669357363903493
26986,1,0.9947985275429615
43752,0,0.4019465932106198
32728,0,0.411315094046802
251,0,0.00949167609677661
30253,0,0.03961651126074407
7265,0,0.014413532840490826
39150,0,0.09485538821707366
18028,1,0.5444893487966946
13758,0,0.027058068852407652
39,0,0.013390692713921234
2693,0,0.07868390196735738
17379,0,0.025239872602468256
44045,0,0.010421310933622047
2256,0,0.14864788330891582
15533,1,0.5274987194568012
20322,1,0.4638396482640662
28750,0,0.3445357510533454
36002,0,0.0006485329859867571
19420,0,0.397639292661204
10099,1,0.6547050931181648
5848,0,0.27897667240616497
34500,1,0.4925035679927437
18338,0,0.002849932218464882
26952,0,0.37357831700026745
34781,0,0.39421718565083724
33081,0,0.001773402230950299
506,1,0.745500574223801
17006,0,0.07832421974270551
29249,0,0.14816359840009777
10407,1,0.8943227355848833
1101,0,0.019237551287467677
19600,0,0.0019244252749519599
40637,1,0.9758300344863338
36135,0,0.04069075895669129
13291,0,0.022018767878553495
21965,1,0.9965023584209411
34629,0,0.2811492123421382
39404,0,0.039831796268521805
18737,1,0.9492430370721036
40955,1,0.9815920578046323
41153,0,0.4024081781581524
9804,1,0.7913336756009024
5383,0,0.017466139895052253
37321,0,0.0018027876299000734
19973,0,0.004877174682817941
10370,0,0.16763524519518108
30696,0,0.02511436837948929
17123,0,0.09028283111115784
12267,0,0.06547618951916927
19698,0,0.07134294566612312
13481,0,0.35989997502353727
47641,0,0.015451511685426484
12896,0,0.10025592609119363
34010,0,0.001718295178510356
17221,0,0.003579148147815196
13971,0,0.036031235285631125
1431,1,0.9719087838698414
22391,0,0.001644388574175173
25837,0,0.1380068788144458
27378,0,0.09633634964845697
38697,0,0.39056200236738553
13257,0,0.040357758799459034
33179,0,0.12212928400126366
25752,1,0.6874432381143973
622,0,0.005740112133747022
36837,0,0.004089902907391839
34375,0,0.0017932965353834513
32232,0,0.024628278152402497
48579,0,0.004549621236016849
6716,0,0.0011622571723475614
23648,0,0.30253402862454737
35210,1,0.5829769620910031
35767,0,0.3680540199325579
42285,0,0.02561168245464151
24292,0,0.04974792216617458
6225,0,0.07777113894199368
39776,1,0.9982800032959184
6888,0,0.022919214865322526
9878,0,0.037680794873437895
749,0,0.3424361996493929
26090,0,0.29531244644736937
218,0,0.13480541758379205
41165,0,0.006769803496910387
19594,1,0.44008623297507304
48672,0,0.2994035434188041
43684,0,0.043639321526316714
32760,0,0.019251458807130105
47044,0,0.3666565952941549
35907,1,0.6764101845539012
42484,0,0.0027215657006910304
41652,0,0.167401301312675
35810,0,0.0027743114880492705
30121,0,0.016798656138487866
39294,1,0.671567838844812
16727,0,0.0010314416762595973
10277,0,0.010712991168264083
10734,1,0.5685398656165322
13248,1,0.9955377993600072
18615,0,0.2651523782435122
19880,0,0.1596860290185447
7787,0,0.03952531837836641
10881,0,0.05857588191413676
31235,0,0.04078224014914857
2944,0,0.004772525465551268
34392,1,0.7905874567031251
2617,0,0.005237114383893665
34401,1,0.7908148693322086
38986,1,0.9919123762558224
14573,0,0.1357860898898178
27908,0,0.24045173587886878
5909,0,0.0006178902563623694
39468,0,0.23745595709217787
39469,1,0.9965695976294073
41770,0,0.11914047275138107
1860,0,0.03942338001114033
38883,0,0.19048716754434578
6543,0,0.0030682861207497474
11282,0,0.008149023614009585
6391,1,0.9882604941837871
43557,1,0.7554987361737601
40801,1,0.5684406725507798
41181,0,0.0025716273466207767
9411,1,0.998959427932506
44267,1,0.5369615964020065
41308,1,0.4461928765032828
5698,0,0.2696425377446724
39059,0,0.002502404280767164
19810,0,0.010856727777575239
42714,0,0.05807340898673716
15602,0,0.16045037343003166
34536,0,0.002483611237546485
4153,0,0.15158822608114986
24168,0,0.1461563075503039
16277,1,0.4787976800218987
15042,1,0.792299671255447
7975,0,0.002223848277030426
14489,0,0.14292147893342308
21256,1,0.5073981823796099
41422,0,0.19935695376304197
22597,0,0.00026893293601255966
34235,0,0.031486481854052714
32466,0,0.0014753322373450815
41357,0,0.2660932130779036
27167,1,0.7316775858800963
33137,0,0.035464995716250766
24325,0,0.0005725405231333993
36057,0,0.00018661641713643885
1851,0,0.031427508640927956
48025,0,0.0003687079928492147
12284,0,0.0002640906275530709
28278,0,0.0007942516796951718
43240,0,0.01178257165814607
34554,0,0.013441417117176451
14402,0,0.3042627095684492
24999,0,0.24086263282479786
25196,1,0.7039078240068899
38959,0,0.0032469171388893217
44877,1,0.9783894186846048
19850,0,0.16517364091558223
21959,0,0.2105800087721187
38799,0,0.2779416280979524
44497,0,0.00021520894980007525
28080,1,0.5312295317961612
29661,0,0.030130106033375063
34157,1,0.5624061033806549
45875,0,0.03667033281455631
6497,1,0.5293653147913607
48509,0,0.05283123614480494
12567,0,0.002293660465140772
6076,0,0.0008872557313219774
27462,0,0.003890531895266899
17923,0,0.030110267955380764
6428,0,0.005865532922138086
37885,0,0.16799787259209428
47704,0,0.0007908054644880966
16900,1,0.9927903720298066
34665,0,0.014037172968892125
15147,0,0.029760807930353766
37923,0,0.0012693351749673556
17596,0,0.0002523765999128567
14045,0,0.001668003830653765
22137,0,0.023640874911930242
12598,0,0.1623910423400445
37681,1,0.5015529042238223
21172,0,0.0005925459881695862
33301,0,0.00023299520198921436
39117,0,0.4172822793460269
30938,0,0.007558928209919435
9402,0,0.008127253554627888
8539,0,0.02083325315721382
28527,0,0.00022048505339634437
23837,0,0.0016679408983451545
35301,1,0.9823499031034216
31387,0,0.11656262213035917
25985,0,0.288070286101543
38145,1,0.8766406583605784
32758,0,0.1544144003757976
19902,0,0.08953008295951545
25050,1,0.5736672768104931
10836,0,0.4127332538566076
36284,0,0.03557944565254121
16891,0,0.24787798389946536
20399,0,0.22922137188759428
41999,0,0.043451703853041895
44897,0,0.21682769800987375
19967,0,0.00984418547976272
42471,0,0.0013046821866577172
26793,0,0.00021555697504066504
1228,0,0.006361947087316006
12844,0,0.0009354607779183962
14923,0,0.1006772684696403
36083,0,0.00014684799503050376
37317,0,0.044431055456992566
30970,0,0.0023831261798961537
34854,1,0.6167310019478748
24127,1,0.8270645954538469
5081,0,0.032255349427881996
1184,0,0.1616914995915455
36850,0,0.12700269134912764
280,0,0.006167838312393514
43715,0,0.12560798771250464
17647,0,0.16314762971265312
32680,1,0.644652385469695
9734,0,0.13927811079314278
21916,0,0.13822416581949856
35946,0,0.0017789146568763202
46817,0,0.0268338507209175
28889,1,0.4241786152118361
28137,0,0.011206059422587079
17420,0,0.05698100894663758
14973,0,0.00027445456811295873
48543,1,0.9881631515073203
43540,0,0.0014902757366296825
17418,0,0.00564935437633473
31305,0,0.09654497534278644
15889,0,0.0001782682192430587
3694,0,0.01967401939885603
9929,0,0.3804912471081188
1401,0,0.23871136753875258
32949,0,0.0002585535733624412
32587,0,0.007162274181117642
3917,0,0.31743342648563544
37626,0,0.012440568597814035
34736,0,0.002982054431116141
7238,0,0.15232921848600092
36210,0,0.39944809064950104
2731,0,0.27652970557246426
9404,0,0.0011432945381148322
13557,0,0.05735695054557017
5412,1,0.5651260862662959
3641,0,0.004326496916613765
36244,0,0.254835064870422
13610,0,0.07691415864414165
9058,0,0.22351269024179796
33797,0,0.06318863183694377
4278,0,0.006114828133064608
23680,1,0.781411798100633
8060,0,0.04737325572010579
44118,1,0.600784205941383
42533,0,0.1376277205324191
43488,1,0.47840206734676033
37492,0,0.0036481832913882782
22280,0,0.25133397428441817
28745,1,0.9949258904909537
46747,0,0.09477104665238857
26118,0,0.06704823908153101
2182,0,0.007293196367523235
9392,0,0.0010658354663752514
14336,1,0.755196194287868
23073,0,0.01287017118768748
25201,0,0.4051374899373497
48469,0,0.006305282132621291
45038,0,0.0008167284495347947
23592,0,0.12873147178184738
40502,0,0.03610285521545151
33138,0,0.0005660937229046364
1166,0,0.02977844458355294
12201,0,0.3121824518240691
40010,1,0.9825483277546516
4158,0,0.065057576890293
20635,1,0.9920615434433823
16813,0,0.003175474586887745
21071,0,0.042176964989759654
6891,0,0.201794736292196
12574,1,0.5885075560555163
1953,1,0.62614680429602
26727,1,0.9941602488085871
43639,0,0.1117791172973388
34678,1,0.9911764399270773
7442,0,0.07496616205494194
10065,1,0.42641627314477965
39605,0,0.0023569366613138167
30455,0,0.02149933058774171
28662,0,0.4019465932106198
26971,1,0.9637634100723006
9684,0,0.3483637271589598
22225,0,0.00038566705482073987
30239,1,0.8403261978750965
20547,0,0.0012363363991757033
47914,0,0.13150099484575445
8695,0,0.39196027969358493
19028,0,0.0041274886279453185
30647,0,0.02110737959772435
42213,0,0.00032937254655107456
27366,0,0.0034527055301817864
41040,1,0.44886311265476453
19156,0,0.004199858583772306
13905,0,0.012693518659434888
36059,0,0.3776897980280527
30048,1,0.5695180833839831
43088,1,0.6581591862121144
10799,0,0.018005247568424258
7299,1,0.9989945869841967
34993,0,0.00023007958166971226
18685,0,0.003258421866057043
43120,0,0.30295227472934655
47920,0,0.004569917006861085
35358,0,0.016642469210825333
13279,1,0.5957888989927402
2332,0,0.020738299838398103
43983,0,0.07265230254412072
14830,0,0.31633125141820106
580,0,0.02382571798109017
37957,0,0.009296721661074933
12533,1,0.5712327868047412
41535,1,0.969389152171477
30549,0,0.03321290703326726
36571,1,0.49995146519240574
22431,0,0.04796927141339634
37217,0,0.13162481368670303
14014,0,0.3430371952145068
47689,0,0.00836604883563476
20284,0,0.10806066798178031
23007,0,0.0037262017716250895
21223,0,0.114804862842998
38140,0,0.0833462556042245
24578,0,0.04905603181554347
43729,1,0.5198483970499191
1318,0,0.001216018325718868
46762,0,0.07516313017031637
15603,0,0.0016954404189030517
42860,0,0.0005075969519902821
36064,0,0.008470418387441246
9726,0,0.014334916684482172
22019,0,0.05865129743332495
8995,0,0.0003072266512311674
42859,0,0.0027472827593525728
48343,1,0.741587919618612
19626,0,0.004198920993401312
20076,0,0.005163079568447545
33281,0,0.09749310249391
42878,0,0.28268597353492775
35689,0,0.04072910644441578
27643,0,0.0029426469638127355
20217,0,0.2432053602169746
17024,1,0.7639380179124787
4181,0,0.0002989355478914674
35214,0,0.021458590793118484
27636,0,0.32924891538038864
6109,0,0.0050050017620279835
45339,0,0.04279174894655114
17821,0,0.40076011579590853
33259,1,0.5970171929133299
6101,1,0.7899408911835485
3116,1,0.9908787946702096
11840,0,0.004714877770590329
32434,1,0.5793621987138156
4423,0,0.06640564184525528
25441,0,0.043024719960368114
26518,1,0.6875454581235972
29981,0,0.3436491445855015
48235,1,0.4444000099424967
23277,0,0.03727186265670709
16595,0,0.0004430284634957197
42610,1,0.9922729875199795
36658,0,0.37730189747385906
43578,0,0.00420439732767108
28195,1,0.9967321663304245
39378,1,0.6898821405928163
10046,0,0.02924612103471038
36711,0,0.22387342384059353
32138,0,0.008793377294423648
20871,1,0.6106673696607208
33485,0,0.03044193382696097
3844,0,0.03849438137090313
31090,1,0.6852976310816558
31581,0,0.07214335286256761
1272,0,0.038900474319220064
25017,1,0.6452543932564319
36906,0,0.060175859279198905
27645,0,0.052368526522135445
2070,0,0.004143778830581978
15243,1,0.9984662576086389
35868,0,0.3447183885841284
5876,0,0.09544106842995682
37084,0,0.25824282006577964
48463,1,0.9945149156756581
29523,1,0.9842832813055953
20604,1,0.7225383769053694
14866,0,0.1512451395964058
5116,1,0.7138891487856912
29289,1,0.9975616220049914
7520,0,0.10297464660040437
2732,0,0.03178611192514592
14193,0,0.07880363870209213
32498,0,0.14716236069313293
48312,0,0.0009826299840921013
39025,0,0.08941349913072381
18138,0,0.0016383306120665555
9989,0,0.004617234940733934
29958,1,0.588840662447729
7322,0,0.0050960480706189176
32963,0,0.02351058466063744
36174,0,0.008657635484438216
24209,0,0.002480628499276681
39409,0,0.10372030460937331
1504,0,0.07633036922403996
9550,0,0.06815555368604546
903,0,0.09210300333949943
31721,0,0.002034385176865588
33307,0,0.02557242090204589
17637,1,0.48082548463517627
26460,0,0.00033511279204395325
23682,0,0.4092817937629466
648,0,0.01579627991967062
18452,0,0.09505334279808234
18481,1,0.45457409222543677
19537,1,0.9955030957652934
21993,0,0.009249450426220454
36274,0,0.0005680547690192352
43892,0,0.0021144070784144065
30360,1,0.9941404326217259
17931,1,0.8479774175133
21523,0,0.008174495977070716
42519,0,0.025152405029331543
47551,0,0.04484103611994341
48077,0,0.0022803646355151735
29942,0,0.18922307174140804
11575,0,0.001955782956586224
13659,0,0.009996811721629247
33364,0,0.0042112583634505395
28979,0,0.3067088050535265
2545,0,0.08727674976207807
5856,0,0.00017699794403897866
23016,1,0.5464648118343064
7469,0,0.32907814910237876
8319,0,0.02499280529415232
45387,1,0.7243553826880498
45483,1,0.7236890095169706
25930,0,0.008223340195741611
6060,1,0.6252011983265561
23265,1,0.4853069458594621
13239,1,0.9918281363357613
25393,0,0.04891614461500227
8664,1,0.9924085500956462
32492,1,0.9394875330831818
30932,0,0.009860463479962648
9986,0,0.0008378081989182443
172,0,0.0009938623109010621
7271,0,0.09456759841018539
6927,0,0.007051927007342933
43899,0,0.39030703889424306
20549,1,0.5712859506701828
45892,0,0.0018289255827305835
26052,1,0.9933882000562482
38578,0,0.002374660740004952
14149,1,0.8951638301095338
20278,1,0.9792432710334945
25551,1,0.6203639032724411
36220,0,0.028933204736870936
31165,0,0.07666745003052362
30571,0,0.2776493417479738
48026,1,0.5994664201161909
47923,0,0.09933167067236731
27489,0,0.3118598349831609
42419,1,0.7418714523412202
36857,1,0.9867384382599691
39398,0,0.00029055264323535367
2681,0,0.0004766202470874217
8275,0,0.0005205518678136212
11669,0,0.1836930062173663
39579,0,0.04235093159000093
45622,0,0.15915547788149284
45750,0,0.06916308094225238
23767,0,0.004309813773010914
13444,1,0.49745851083844794
38978,0,0.030487835395386267
318,0,0.30840727507695215
16020,1,0.9956929950459675
6330,0,0.25910020983499926
45258,0,0.017172602719796735
4897,0,0.00013287653322654612
7343,0,0.011702206329268555
47140,0,0.07409233717892667
18987,0,0.00022321634048228658
40094,0,0.0007274910437259137
47235,1,0.9742968775172145
6235,0,0.0016078408618036585
5719,0,0.006329167842292728
10609,0,0.0012363363991757033
38475,0,0.000329082916001401
40524,0,0.0005791926524656405
1913,0,0.04862812943280999
11807,1,0.9982416698693868
22318,0,0.06794736126883134
22005,1,0.7828895324303813
5206,0,0.15492687073977318
29031,0,0.020581283764790674
44077,0,0.004379404505268935
24581,0,0.0085578172660021
44458,1,0.9963412587325211
31001,0,0.006818306564016566
43697,0,0.1548720801783417
13178,0,0.2622309331083849
17027,0,0.35859160263616585
46182,0,0.020651015001840852
25864,0,0.03357501302676995
15665,1,0.799207248513591
14775,0,0.008531523149394028
17701,0,0.000622476771285472
8248,1,0.515020955592269
11716,0,0.22211846867289772
22221,1,0.9880256464915564
39636,0,0.0011143555507969573
26776,0,0.00024627868758815395
1682,1,0.6823618587956053
46195,0,0.012741979228153014
46663,0,0.01930949348267957
2280,0,0.0015032760974196338
34734,0,0.0002454466062855195
17243,1,0.9773648499289171
19383,0,0.0004295503794393009
9434,0,0.06538780504992772
8941,0,0.0002439481140704271
46344,1,0.5206125606451191
45465,0,0.09336556153101482
11563,0,0.2413544963782714
48064,1,0.5886258768694395
31929,0,0.24210874296919146
41378,0,0.00709803728203206
522,1,0.6182846035609952
32379,0,0.0011510421879045159
21258,1,0.7012141479294067
8961,1,0.9477854217476719
19677,1,0.5129116154465176
5658,1,0.8332266772385856
25048,0,0.0001822428169996831
36032,0,0.000609369795956045
735,0,0.23599782636812794
4242,0,0.07275746242227002
15108,0,0.3662343737412184
17319,0,0.41383367870244675
43272,1,0.8329048668767481
13756,0,0.015333631674437458
7133,0,0.005091206253477575
12059,0,0.2189673714749994
22833,0,0.00023567303234350962
24139,0,0.0888520215632933
47208,0,0.004420234868113656
10080,0,0.07119499966054739
8162,1,0.7288834426942592
44142,1,0.476662904051683
41757,0,0.07093498281958566
30376,1,0.9691538028795472
41,0,0.04299621625050147
3030,1,0.6024572012420348
29158,0,0.004115520401808152
41963,0,0.10240472812011704
20478,0,0.16688399748340113
25286,0,0.004038876686476533
26408,1,0.5053453192709064
32759,0,0.10015162900742011
9662,1,0.9885775666802928
41729,0,0.0005821788301764042
20425,0,0.015940512571452896
43331,0,0.005350822571678882
34495,0,0.026230434379145406
29366,0,0.0016946560747334125
20687,0,0.2666820016801236
38261,0,0.11412515414366152
34048,0,0.1035194466309668
3947,0,0.0006399539210411638
14303,0,0.007698190694603231
44373,1,0.9662364754930179
41155,0,0.020282045075941106
15303,0,0.0006484022207072908
34292,0,0.00022204752654867614
26025,0,0.00029155667403093534
44231,0,0.035343914920608
45126,1,0.9841091277539511
32830,1,0.5190944669962709
44971,1,0.9414844958473109
1046,0,0.11052191760198211
48582,0,0.0005529488192655493
33262,1,0.4694859772394636
28991,0,0.013915339672265346
19093,0,0.0004479819860254897
36417,0,0.002637063981207204
31777,0,0.004730278599265874
48338,0,0.0037791790864371926
42047,0,0.4172822793460269
47777,0,0.007537890043139209
5361,1,0.5542683172546787
17067,0,0.17760264607180898
6770,0,0.09628470990577899
7095,0,0.3666382697883872
4504,0,0.18047383685914953
2363,0,0.08293987703251081
13947,0,0.011921300254635891
22584,0,0.00031081705627542287
25798,0,0.2959597499694126
29211,0,0.022263880622386243
27390,0,0.16680958803759777
45754,1,0.9984297282198697
29590,0,0.0225187094981067
10269,1,0.7529092121352509
45625,0,0.11241861543749472
9007,0,0.2647470771333283
14578,0,0.3132678942975993
2818,1,0.46952576141152563
18606,0,0.22642642920583445
25587,0,0.02472526251288924
1584,0,0.001211638862244607
10895,0,0.0006067755567448651
13621,0,0.0011821209238355556
45670,0,0.003905745781586489
23147,0,0.41383367870244675
3620,0,0.23599782636812794
32386,1,0.9950596070618917
44580,0,0.016615393663044858
10190,0,0.07620690317556043
19045,0,0.41432404015918545
45367,1,0.619063149378165
11681,0,0.31835235297512704
20644,0,0.0002585535733624412
29654,0,0.002137358843372371
71,0,0.33605843552204345
2966,0,0.07606849496319232
26538,0,0.007224678146331714
29279,0,0.02607145957643587
13817,0,0.0011414444448487676
28727,1,0.5877839140079935
5140,1,0.45575206515041955
39643,0,0.33885805182129436
43417,0,0.005461733042001936
5343,0,0.0009803433959674254
20723,0,0.3225428293547295
6809,0,0.3898966610833677
11505,0,0.10466874997930373
410,0,0.3807873363061749
27909,1,0.9983250208465765
33126,0,0.370592979785931
1681,1,0.5960107628036044
31800,0,0.10095051431598762
17782,0,0.0010314416762595973
1491,0,0.30966719725784925
31694,0,0.24737416576178406
45909,0,0.06415784312338209
34662,0,0.026549850882901214
44601,0,0.26712549282748244
8478,0,0.021346822474106082
18591,0,0.0006264384823585364
24646,0,0.18234183842291463
31119,0,0.293712413996637
14999,0,0.0034973671279174092
36516,0,0.052537288185488085
29144,1,0.8447202926659333
9187,0,0.08735484430118018
17457,0,0.0016050403257193856
11873,0,0.00016483930577752964
46211,0,0.01391420811169605
35859,0,0.003718764046513542
47171,0,0.0016121843052996393
4519,1,0.6539824981832699
4731,0,0.0007819611001457855
215,0,0.09865584635463708
38383,0,0.0043151189450481246
23339,0,0.1653817622810868
6167,0,0.006985525608806797
24391,0,0.00597655779073695
3595,0,0.274933339820325
20414,0,0.2597992470334811
32776,0,0.1524804005356748
7957,0,0.09445030204845054
31802,1,0.43363819333690157
46792,1,0.9182064648839329
26889,1,0.5391094062111919
25619,1,0.9880445602739906
31032,0,0.26530330274091046
34690,0,0.3101239506609207
16905,0,0.0016288224389703833
15816,0,0.00037444280167468356
5200,0,0.04832003207943566
36330,1,0.729117637226817
3934,0,0.0342201334747083
15398,0,0.02449329780409574
11360,0,0.011253497481705732
8371,0,0.0016526670598211706
6268,0,0.022750745625490797
25388,0,0.10916487274097084
5004,0,0.06596523182994436
43686,1,0.8927118627773446
38163,0,0.02000743165768771
26007,0,0.013156967438405883
47258,0,0.09606855251748789
31138,0,0.18435185600730347
26633,0,0.00047336413027846623
10260,0,0.3268286458476135
35138,1,0.6153541814606452
21027,1,0.7534903355036446
24682,0,0.06875544540260754
37965,0,0.0025728497937240287
7412,0,0.006313053560840685
11011,0,0.02654807745474125
34995,1,0.5892208641110248
19275,0,0.28796042834132635
45026,1,0.9927005273816192
28263,0,0.010133340933616826
5518,0,0.17723197320096631
17202,1,0.5012996254137833
22072,1,0.9931722385913592
30818,0,0.21029842197139714
4208,1,0.798022872454863
42273,0,0.0014181330854701414
36156,0,0.002247051201879892
12075,0,0.1677727095002007
7956,0,0.17490119177404734
4420,0,0.0007942516796951718
7678,1,0.9978665203759273
1830,0,0.24115774371041288
15663,0,0.05656919650878692
4631,0,0.006225320797062751
15979,0,0.04597232183614325
10193,1,0.5782075781461535
16592,0,0.0003791421011467571
24066,0,0.29361856066843234
3819,0,0.005606105655924871
12793,0,0.0001871880269065727
25183,0,0.02427949483701076
35590,1,0.5168830470835454
24908,1,0.7365532436253436
17399,0,0.4051374899373497
39842,0,0.39421718565083724
42693,0,0.30041883383000945
32880,0,0.012943305039248273
31619,1,0.9860264800135463
48822,0,0.002858112254066188
26781,0,0.03250534838251527
3463,0,0.1641563516538814
17640,0,0.18235695772238839
8962,0,0.0417645886752919
35019,1,0.6727887388921543
42175,1,0.9741877391895841
5479,0,0.027555402426584337
34991,0,0.0012363363991757033
16888,1,0.686695281400112
19803,0,0.0009946658711024814
38751,0,0.0005720919601556579
24016,0,0.06278941608604031
19367,0,0.0013503115746261055
26038,0,0.0039277763151512575
46376,0,0.04582545669849826
34979,1,0.5256678491506542
39583,1,0.817383311518729
37991,0,0.006209420273069643
14750,0,0.08843596450655794
43484,0,0.08569665984262065
28054,0,0.028817713655489775
28952,0,0.32608889259185453
43073,1,0.6475264183379635
19019,1,0.6048013377239583
18529,0,0.15222188402873127
47262,0,0.05613020292009226
2908,0,0.36261892977301446
6966,1,0.4747890532176139
37808,0,0.0007069412371026448
5678,0,0.20410102665654659
13155,0,0.003260127284748186
6651,1,0.7846644823078015
34740,0,0.00022251830877529337
46495,0,0.0094091542447565
26531,0,0.013470766487256957
12610,0,0.4011267206601164
27761,0,0.009302764780863983
31530,0,0.004268541533907767
33023,0,0.002142345092980663
42915,0,0.001260654966498699
31609,0,0.006141402883073285
16052,0,0.08677967575112536
35189,0,0.005920842482146644
39937,0,0.10383733295429416
2105,0,0.0012376131955539635
23367,0,0.2513919079744779
26645,0,0.0036013111059635316
2008,0,0.10250145332754851
10116,0,0.37965473067114547
1708,0,0.00019635147981236371
7482,0,0.04417504931003904
11397,0,0.10373356568630566
7361,0,0.013910353101612353
17516,0,0.0973857120905429
31744,0,0.0030160340235279035
33754,0,0.1141813419584298
3924,1,0.9542036959348621
2345,0,0.025531132776775343
20444,0,0.0008796560929324447
18464,0,0.04135222683101733
44894,0,0.0007339960684363988
32267,1,0.9981033620083553
27553,0,0.00024048521232601335
19905,0,0.009008414897388432
40044,0,0.00043024487784531633
34108,0,0.1097402673617314
31425,0,0.17146834042153708
35120,0,0.0009933216866135153
11853,1,0.5100533930488496
13063,0,0.14745435507693563
23255,0,0.24036725172011086
10971,1,0.7614206374410402
12733,0,0.0009505746960944781
3862,0,0.1604973236763595
8808,0,0.0003252400900036734
28701,0,0.23371148919078769
4648,0,0.0025044228762627703
37280,1,0.4833980894997212
36295,1,0.9915306434189306
2458,0,0.03159572734770964
18400,0,0.041818143387311935
30730,1,0.9217813809727813
3126,0,0.2168769252067794
38633,0,0.002779493227489681
12816,0,0.25867751161754177
25014,0,0.3136830063611477
48497,0,0.0009730912301809277
22048,1,0.9884754307101239
16477,0,0.0002705739801182281
2572,0,0.0036222252243150775
24133,1,0.6295522367805445
2287,0,0.011702206329268555
9452,0,0.002449151607827304
30648,1,0.9952811907813118
3610,0,0.0063576440357115994
4194,1,0.7561072738383697
40201,1,0.9932189143035959
14512,0,0.0013380498529933374
12629,0,0.018861615662522913
10830,0,0.0006989228784740748
33947,0,0.10291084670394031
16648,1,0.4999255556248973
674,1,0.42211171596929176
34895,0,0.017718671519180218
11063,0,0.0007548618533323569
22123,0,0.15796415326902685
43738,1,0.995252484582425
29000,0,0.008243851730224402
31527,0,0.010243004134551445
44366,0,0.0014726959855508358
47806,0,0.07277542688069338
41067,0,0.0031543288447306804
17556,1,0.5153347219321733
30439,0,0.0012944632565721921
15985,0,0.021926727435086876
43720,0,0.15723908765368083
31485,1,0.8438578486462475
23658,0,0.019668258352492446
25649,1,0.4892574297165603
45742,0,0.08082291800440848
34238,0,0.21764409084446779
17307,0,0.04904712603756391
19396,0,0.08655829423782657
25796,0,0.028920756311764908
32122,0,0.012732066130282571
40249,0,0.21765532569612256
47852,0,0.02885094061291765
29464,0,0.006573186766759084
36555,0,0.16073556726122243
19528,1,0.5025138671654917
8640,0,0.010605696781133192
40179,0,0.018476291960824294
29072,0,0.00279561579906982
31376,0,0.042506733960961184
8,0,0.019225324345775136
8436,0,0.12850327579881363
4096,0,0.013582249187668701
26921,1,0.5770756874944636
7679,0,0.012562740115363508
23211,0,0.012571429890821125
23423,0,0.10756991135531434
33926,0,0.021176044811501437
7235,0,0.018317557039130735
26983,1,0.6650220308276082
22931,1,0.5390015948789381
28668,0,0.15049839746920965
31024,1,0.4509808817427156
1963,1,0.4725339563234412
33249,1,0.8223944501743652
21825,0,0.17647617508942973
6484,0,0.0021162650808168077
34795,0,0.3873408771825974
14596,0,0.0002259026698774533
38974,0,0.026713238104399274
34707,0,0.39949419378713363
15453,0,0.08735484430118018
38351,0,0.0009330019650397749
43383,0,0.020353793164767906
23966,1,0.8277618677701021
5101,0,0.07922551573757636
27467,1,0.9980929652473555
19261,0,0.08712581189696005
46971,0,0.0006433562496183377
21723,1,0.4521717445297112
43248,0,0.0243846692810202
656,0,0.029899972403877692
3119,0,0.00025800657096230995
42996,0,0.007435982752742049
22938,0,0.016276923606745982
33447,0,0.040435724147211985
3383,0,0.006467775619081178
5458,0,0.036746108264057345
28814,0,0.006963718003249201
2909,0,0.0012825104427774353
1896,0,0.001963212833056404
3489,0,0.00926294847910667
16399,1,0.6055529902915311
29038,1,0.9930514927330581
34456,0,0.22137389961957013
10990,0,0.03383523769851223
44296,1,0.9137500796636912
10942,0,0.0018565313230228288
39847,0,0.0016249720871751633
33272,0,0.06696336899230433
16471,0,0.027400708301693277
41513,0,0.00017671216287161248
37446,0,0.31267164885395593
48341,0,0.0007323797958899335
41044,0,0.025185755942319157
18674,0,0.13200659119215238
30479,1,0.44544002879586436
8851,0,0.24723457476929558
25528,0,0.15615124291896287
46078,0,0.018408451560399653
20358,0,0.13917784910707198
183,0,0.160912674817676
14732,0,0.00022963579218958163
39231,0,0.21188487589304872
1371,0,0.3889789502593216
46658,0,0.33029003882658975
11539,0,0.34633107119038503
34296,1,0.8937458752196988
12249,1,0.9568946979664084
9124,0,0.22181798087289215
9255,1,0.9851847990551472
39959,0,0.398899928140855
5689,0,0.00596958225243415
8544,0,0.07347960030658647
33295,0,0.0029008600404556127
43148,0,0.03138941223202715
129,0,0.00029839435752848203
45655,0,0.08883656123360742
43813,0,0.29222911230604864
20088,1,0.4759966381569839
5355,0,0.0005058900408546955
45159,0,0.41907481297215393
21335,0,0.003540187563735413
33376,0,0.008714470488094704
22368,0,0.0181472548920582
18353,1,0.6176467759884093
35849,1,0.630646578335981
18454,0,0.022523464486614898
20680,0,0.03767914618108388
22708,1,0.9962122688072897
20526,0,0.00016484637612089123
111,1,0.5464079925809014
23157,0,0.08011711563391058
39493,0,0.016061940643179156
13605,0,0.00696228274140422
15518,0,0.04163242689305009
23920,0,0.02101750881089741
1558,0,0.00030018958335732937
32725,0,0.00040818314569080307
19381,0,0.0006953419759469221
15885,0,0.0007020951480571176
45951,0,0.1468409884708791
110,0,0.011978913560189054
37240,0,0.024382945445495595
9101,0,0.2667118544168417
34210,0,0.002168301039338595
27027,0,0.0008039458695094584
36518,0,0.21612006120388963
844,0,0.25628126211550506
20697,0,0.002662696342797779
11488,0,0.006070796845831664
37587,1,0.7830098215229712
19747,1,0.9966053622980632
10633,0,0.0029761479220216493
12268,0,0.19394454089962282
10464,1,0.9938860410466462
7176,0,0.0010528297489935605
37320,0,0.0003721570594668249
16752,0,0.003053203794162606
29688,0,0.4206658399422437
40816,1,0.9892581808025593
19108,0,0.2967660030356793
9581,0,0.01527104736204889
10666,0,0.011676218213352388
20227,0,0.0006518461015853901
27250,0,0.013318850958503818
25116,1,0.5871275084069842
21470,0,0.041543579931310255
11381,1,0.9943878406241876
2496,0,0.3410067518418456
25638,0,0.23513345565097982
6429,1,0.9290760114279075
23115,1,0.4886477875229704
10338,0,0.02327986155732916
27873,1,0.6546196650362079
41068,0,0.011195122037345856
20517,1,0.8042335144678746
3837,0,0.016624962763891804
18239,0,0.39377092173190137
13572,0,0.0013246468886440616
1827,0,0.01956905698091629
14278,0,0.22333668281606145
39162,1,0.675033149771063
40817,1,0.4856758604771348
3911,0,0.014120406008747073
37825,0,0.0009135828408168384
23337,0,0.016455788174030924
17760,0,0.0636015432830488
29388,0,0.39377092173190137
6917,0,0.2649350618844718
45546,0,0.3045616572095304
23688,0,0.008350120229041746
2013,1,0.9886168429932888
45162,0,0.029505664297514687
743,1,0.9947322434752915
1672,0,0.09803349335452881
36755,1,0.9031418923220227
12351,0,0.005753198460778477
42405,1,0.4564376109009485
47554,0,0.004103564631192965
46441,0,0.19665241925212268
37193,0,0.004330346780443588
48011,0,0.029007736211269175
43651,0,0.10907076719377395
48464,0,0.0011821209238355556
6408,0,0.1965437879900246
40967,0,0.13091809779567837
220,0,0.08988686693925639
41982,1,0.7632930922363916
7338,0,0.07235052069398129
3703,0,0.02606064695605484
37378,1,0.7276671014099564
23714,0,0.0010048937694423711
14647,0,0.03498626461421022
31463,0,0.07615086868031518
2290,0,0.0030919972950273684
31412,0,0.21692601942476672
24602,0,0.2578614567071348
28493,0,0.08088156384265971
39681,0,0.000329082916001401
5564,0,0.34082522539391497
25687,0,0.09768789129716501
39747,1,0.5896629794525724
24582,0,0.017420184972607444
2343,0,0.1365015968092393
38580,0,0.12417733146564447
19023,0,0.0030879676212480405
1787,1,0.4768575064081967
40029,0,0.014854549957402718
27456,0,0.23052369238717432
13040,0,0.0398255847926247
18810,0,0.059492238271976076
21241,1,0.9884733535033917
45033,1,0.9868228254184472
23410,0,0.13841418206893946
24611,0,0.3533645733292364
9265,0,0.00370792560525254
42122,0,0.0015342501185875272
25266,0,0.0009955794824570083
11662,0,0.041802226222071553
6384,1,0.8334887109998447
41764,0,0.023628685014140043
20350,0,0.09529673865122046
39233,0,0.003455573739409023
10051,0,0.0010151298187696474
14529,0,0.04170917913386234
5882,0,0.0005611611787790695
20347,1,0.9939978761257412
41206,0,0.00026007514478741786
3306,0,0.2840881199415449
18924,0,0.0005641413524768946
35833,0,0.1021783950614246
16427,0,0.004145909739186307
33361,0,0.02672611115243671
3065,0,0.1046913037327441
44219,0,0.018579743703010396
14418,0,0.08252872366816635
43458,0,0.0761837262377644
25537,0,0.09158782364076301
6182,0,0.21479523482273383
12408,0,0.16160065985736705
45536,0,0.008464530715988792
32235,0,0.004470728622522292
26179,0,0.3213937773740048
29429,0,0.15316058920737327
26761,0,0.0020777006221786233
43992,0,0.0002937652685177445
325,0,0.025136125294997536
11548,0,0.41383367870244675
7541,0,0.024435667392102095
24398,0,0.0023225909500789108
30164,0,0.000779388039704607
38137,0,0.23745828853402626
2542,1,0.5783198438113601
32351,0,0.10749450374416286
34142,0,0.012772286408237127
47421,0,0.004653622148122846
44944,0,0.04981433497412965
1804,0,0.0008831980774808726
46610,0,0.02216401377998925
10736,0,0.3865591511749689
1107,0,0.000994315946906267
10566,0,0.1455307111190079
32619,0,0.001792945141835471
46999,0,0.15523851345157338
35906,0,0.03440091831582995
32628,0,0.08114191156276332
16955,1,0.8720324762612278
39571,1,0.8449669599660897
45014,0,0.10029916948446078
18447,0,0.02226438782935477
2993,0,0.0003782172708724096
5182,1,0.9817839559211085
32006,0,0.0074222613300904995
324,0,0.2587385310518239
35805,1,0.7130999801379263
20311,0,0.2769060194193953
6803,0,0.005421512698100304
41932,0,0.10606455601111714
13915,0,0.16244549377766776
34007,0,0.1684950847457274
23069,1,0.6705602842983044
19294,0,0.03027059691421312
36541,0,0.007924070049218445
30247,1,0.8460783486567073
40585,0,0.012208058633146265
48675,0,0.32377917129661077
33479,1,0.5863609861320653
30770,1,0.9763294084194997
43635,1,0.640831046864072
44101,0,0.016582355905633946
45441,0,0.0028843198849932217
8871,1,0.48186124011173076
46222,0,0.002546910959768642
20371,0,0.01522262154326054
19355,0,0.055747180286426605
22963,0,0.0004326464418617812
31351,0,0.00913290908163032
18859,1,0.5607742841138494
12690,0,0.03135280141607059
16650,1,0.7655566190137232
19754,1,0.6324382764856178
23544,1,0.98834996374386
15522,0,0.001680456316650197
16759,0,0.16559642790417092
39164,0,0.3850156716187479
951,1,0.6840606621710995
4063,0,0.3719089724336255
31930,0,0.007640670352091428
3511,0,0.001395922854523246
31438,1,0.5247117185064578
9607,0,0.03183800289141022
42255,0,0.0033448018632995635
14803,0,0.3510316030315818
2326,0,0.07075421160120883
39781,0,0.29473667939432885
8294,1,0.4904196873233098
28939,0,0.2954698093160805
27839,0,0.026120749724849138
24924,0,0.0002429257386883737
29274,0,0.13365593010481544
1069,0,0.024230099943989086
17632,0,0.03010111020661506
16954,1,0.9977142611723411
39777,0,0.14089978768614558
6525,0,0.03246721024229606
36817,0,0.10889869112839755
13589,1,0.9426611803962973
40205,1,0.7371665989032696
23223,0,0.004130396097625029
14890,0,0.3031432304998803
43138,0,0.016455788174030924
24416,0,0.00022251830877529337
34201,1,0.529445351617337
13025,0,0.004059831883266574
7127,0,0.037062521644467133
37325,0,0.011475191051449937
22878,1,0.7394239192660838
17996,0,0.0011977104549911735
47187,1,0.8770350110910438
28856,1,0.6981180677796597
12784,0,0.0015265993316234971
26891,0,0.08455656387768137
36583,0,0.06383208619067932
3582,0,0.0006615744361332375
35742,0,0.3707324725103839
26754,0,0.1812714808837205
19393,0,0.01663410559480843
24058,0,0.10133712594945046
23039,1,0.7602091531669843
15028,0,0.0005756049704765682
26879,1,0.4392527585493287
36894,0,0.0930125970732623
38952,0,0.02010198558935914
31532,0,0.0026678943400899125
7893,1,0.7443512256726316
26320,0,0.4088480418530389
42070,0,0.34176163100868695
43556,0,0.0005284357695905153
15047,0,0.1803533847651578
23025,1,0.5340192853804548
10264,0,0.2761768952457133
17325,0,0.0037363365681075873
18942,0,0.20963802891215938
36339,0,0.0007790876957547392
24958,1,0.9979930237225931
3799,1,0.9321314319906092
23900,0,0.047704920043009795
23720,0,0.24904845074885718
21297,0,0.02706248963441371
20561,0,0.029085715502915423
46246,0,0.1016374837571972
46508,0,0.21340584764059362
19303,1,0.949446783331832
29872,1,0.48763685151300806
8616,0,0.014664472315864319
33985,1,0.536244948601738
40678,0,0.26774974626236864
28774,0,0.0451024641545778
3906,0,0.0035814521068534924
38610,0,0.03931570512516941
24459,1,0.9040301969648075
16936,0,0.008783645616184681
22313,0,0.017258649544056388
46506,0,0.024296683476669665
7134,0,0.057805691529009745
773,0,0.015514784502661288
13060,0,0.11786046850002284
20689,0,0.00045329238093335674
19809,0,0.30006549246572645
27055,0,0.16252579460303496
21909,0,0.009014321145971553
28355,1,0.5180110416070592
32418,1,0.6293568485068186
41741,1,0.44494452401241313
22147,0,0.13883080657762306
5346,1,0.8321339215514711
37203,0,0.3500716799145571
42083,0,0.2150477886963587
26630,0,0.03631654560581105
29162,1,0.6032721229400643
39700,0,0.000708834189569187
5960,0,0.052431834499515204
29051,0,0.11417839265807699
3462,0,0.35954272252719355
35028,0,0.1403234209170467
10215,1,0.847676694118262
9234,0,0.19643624236049875
24132,0,0.013019724291365681
33010,0,0.03303141649540999
28317,0,0.027365685185617786
3800,0,0.007534054215245331
37108,0,0.00281967021329762
44697,0,0.06367309185945065
3432,1,0.5759750474556135
35343,0,0.0019871844851690424
22719,0,0.26541178880985955
39496,0,0.21776664197689893
36729,0,0.014815799600490972
46789,0,0.13133716003694776
3945,1,0.9776723153135299
13609,0,0.002455641952343327
31046,0,0.29203670399781373
20291,1,0.5590726740197609
28168,0,0.18322545298061277
17984,0,0.0014681327527183649
18296,0,0.004121463747241059
24872,1,0.5027231738489092
47663,0,0.006766727952988701
28421,1,0.45018276846628136
25425,0,0.0002883587405043822
30219,1,0.8391175342516451
34374,0,0.2096169681189758
44609,1,0.6139603004975209
3232,0,0.31186021000356745
12663,0,0.013340369249674378
22139,1,0.6825548931834293
16824,0,0.2916065301278433
25604,0,0.009370084884119613
20316,0,0.02398158606489194
25325,0,0.238576320890795
16972,0,0.12295070504172786
21179,1,0.5054497058226027
42487,0,0.023835446897698745
201,1,0.6841324716581566
43100,0,0.025053296373404612
29776,0,0.0018731721295058073
16751,0,0.29472058214715235
30266,0,0.09251874508669339
28681,0,0.0005074732579976205
16153,1,0.6836307467051553
7991,0,0.0314437097921346
8043,0,0.005153941852154955
2745,0,0.030327769707345128
33613,0,0.21536690691008598
47797,0,0.059361226928896074
28064,0,0.3002466511600037
29262,0,0.07071333979099294
25163,1,0.9060169531470493
5502,1,0.8418254787021139
39900,0,0.0026286450715168634
29748,0,0.043769470898647266
25825,0,0.011316353053428756
9254,0,0.012809522329620876
3756,0,0.0016212284373553513
20028,0,0.025944303702598388
29199,0,0.10710816848291509
33331,1,0.9971262193389544
29157,0,0.25192138608221104
6632,0,0.0007736965927261302
17314,0,0.004751302727825103
26160,1,0.6288248822328832
10521,1,0.909444803661173
37797,0,0.37828092400169955
4297,0,0.008751500059656121
36287,0,0.13908214581387968
37144,1,0.637378718079028
7183,1,0.9748045282894482
8845,0,0.005987228753294244
4751,0,0.009689738851933092
5254,1,0.6981054918857414
40105,0,0.032816610000936934
17456,1,0.9705294290530938
32457,0,0.00019741303120725747
31956,0,0.0009528621296028829
39478,1,0.46788106751065406
1609,0,0.0009296892116970839
33544,0,0.0007822224016630982
18873,0,0.0700844670740785
17681,0,0.021385400685994347
48369,0,0.23458409340298014
31990,0,0.16953725287643134
28594,0,0.0005126555209375099
47580,0,0.3361089481378852
4557,1,0.42429648399064257
36918,0,0.022283358384708993
44714,0,0.0005198692587009842
17618,1,0.9255669520882343
19413,1,0.9940473138390824
46605,0,0.20742348186888154
31948,1,0.9982392868016013
30947,0,0.0009185513465438895
2306,0,0.2391163691863931
858,0,0.027584077064094097
45531,0,0.0015061029737107208
15385,0,0.0007983748000080754
37077,0,0.01636966194070654
16626,0,0.01604863353641467
43724,0,0.006467271063721122
822,0,0.11411039068693048
8395,0,0.3258179546328292
41707,0,0.0016288224389703833
8870,0,0.32047180325091057
10330,0,0.15185734651989496
586,0,0.07290225189488155
5534,0,0.00028567999294541003
12141,1,0.9972482927177092
36910,0,0.00016875037800071586
32045,0,0.3489548893421625
48075,0,0.00046398017251603755
1398,1,0.9891636335771444
29583,0,0.0007489226403527587
1878,1,0.9755552802035165
27171,0,0.03368372664846055
16050,0,0.022842971299090922
30915,1,0.5686175646630105
19206,0,0.0010314416762595973
26004,0,0.0194248879139561
44047,1,0.9831810107547184
6426,0,0.0049762198592327635
7295,0,0.017789013483602234
47257,1,0.5421005413709733
43933,0,0.00022438160914320293
37914,0,0.28233337770151923
45364,0,0.021200967187891877
6606,0,0.3210779077832529
21799,0,0.10986835083573575
20286,0,0.0018033999348806154
41970,0,0.01707681343404524
4348,0,0.05467954539885729
36517,0,0.008481131378563905
968,0,0.14878367389795538
45350,0,0.0018276733752354646
35879,1,0.4506808935505514
748,0,0.001882584719256489
6162,0,0.13707325285691777
33647,0,0.00017699794403897866
13469,0,0.013897020655175776
25579,1,0.9579209552983806
26822,0,0.3266554912451039
45268,0,0.03753473543088175
26074,1,0.998677612373769
45109,0,0.02362552125985333
19346,0,0.023803861002301203
31442,0,0.013026277544729568
34961,1,0.9924372859653441
17737,0,0.001969545674030781
33304,1,0.5025835639339225
33555,0,0.04796158409758471
2602,0,0.22174835709881585
44648,0,0.007896886364935555
18275,0,0.022524612030104394
20001,0,0.0015996835645092878
11210,1,0.9898887272722122
25743,1,0.528318568216456
5271,0,0.00030363827367758744
4284,0,0.42014319114711823
36441,1,0.5620411563195228
32241,0,0.02733771479971639
36001,0,0.335157748974667
17090,0,0.40637681855252833
39476,1,0.9758799139402123
3699,0,0.025600337134476115
33323,0,0.10429947698701103
14284,0,0.04371205679623562
45934,0,0.13908214581387968
6759,0,0.008199509069188692
39727,0,0.00021555697504066504
4904,0,0.08380712392661883
6694,1,0.875991899877166
48425,1,0.9978840886132242
4476,0,0.008079205841517934
21157,0,0.2909286292306908
12557,1,0.9436284186413304
36616,1,0.9893329603561662
9302,1,0.7556065371478745
6936,0,0.2328781481777945
37817,0,0.001053339449552376
42012,0,0.03119799226696036
13311,0,0.012425805232705436
15412,0,0.10529744263718702
28074,0,0.0019150652591336187
25245,0,0.2457334366917699
37583,1,0.9757842188627626
37275,0,0.0003280284768817817
21956,0,0.18330262561800534
18480,0,0.0003045784990525945
14055,1,0.42678462359033165
11987,1,0.4395829866625857
483,0,0.0878770016660759
15937,1,0.7620694401412407
11098,0,0.22398268938836954
3076,0,0.07698186784910711
36695,0,0.04329975538237165
9171,1,0.5804795876122022
47724,0,0.02974020127890442
34409,0,0.08690333829288542
10631,0,0.37472666715582736
7688,0,0.0017748800778852694
37401,0,0.02640600104416818
28047,0,0.32077930162197876
45002,0,0.35969939464370687
30193,0,0.06445116557783276
3564,0,0.370513233127199
38946,0,0.003917413309167908
1481,0,0.3186601979453406
37883,0,0.05416376609307272
34203,0,0.0003010800553436912
3767,0,0.018241522438530527
15622,0,0.37394855980287867
15034,1,0.9979621350724496
2030,1,0.8047965263317073
15233,0,0.06626167042200273
47827,0,0.1829501248930281
19650,0,0.022919057379327788
43423,1,0.5944387176812289
20334,0,0.0008223114249396977
8940,1,0.8192845678742887
27812,0,0.06438660314550401
7832,0,0.010041719507647977
14279,0,0.0014438081031979528
11193,1,0.49938912574098204
8593,0,0.020524065973674767
21661,0,0.13376760656808231
10928,0,0.01880229331839922
42174,0,0.0009933216866135153
39610,0,0.0018909215816744667
30834,1,0.4887135173438094
24320,0,0.37164920695695036
11730,0,0.2428147452811174
24111,1,0.7785088304845708
45141,0,0.038890643432416425
47451,0,0.09326069043276024
21031,0,0.0006166571031563927
2628,0,0.3142135839719448
37960,0,0.0001578863127367227
11071,1,0.5031628182970583
25816,0,0.013024208471572553
13173,0,0.0006712501477278651
28105,0,0.0010272520161680235
26458,1,0.9913346732214033
40920,1,0.7040804904051807
5166,0,0.027559042908793633
11635,0,0.011954784544971824
15648,0,0.0022857420281426864
1254,0,0.04943949171591019
725,0,0.0004216510255555241
3634,0,0.001310071239093306
45424,0,0.004091774104287466
18493,0,0.009254560817201855
3856,0,0.3801595608508212
38296,1,0.6964897832412204
14546,0,0.06615662806557768
31903,1,0.8609472240539032
48138,0,0.03372427402794744
15023,0,0.03256215636092199
35433,0,0.0006433562496183377
42514,0,0.14585177430819485
26372,0,0.23216896376187032
47346,0,0.06307235351668365
9805,0,0.003200533010185493
44484,0,0.3341467559970555
22155,0,0.0019778799531426907
41762,1,0.995464638769028
24425,1,0.7521274742228726
23102,0,0.006256674873166265
32026,0,0.00019179698563606768
35062,0,0.05781468488952915
32655,0,0.0006665648781441109
13465,0,0.1483818417654722
46775,0,0.01924470330937068
3662,0,0.283497320854462
14164,0,0.41383367870244675
29212,0,0.0008860145948124444
20860,1,0.4428545174906911
48403,0,0.0036281860701857693
23745,0,0.07767558204891872
34890,0,0.03171798284822766
36281,0,0.0006304273115926569
16777,0,0.00022965983968350435
12373,0,0.09833286601289716
47889,0,0.000255250536732511
16689,1,0.8042335144678746
43970,0,0.04362463112860609
15542,1,0.5034980492677904
14493,0,0.004655802210528198
30907,1,0.6287397478885353
25515,0,0.002607075905379877
16324,0,0.05027739388759148
37359,0,0.035375036069299266
8676,1,0.7486883846408843
8225,0,0.0014483796538246401
34162,0,0.019371407960984258
4238,0,0.0003439024049589654
22676,1,0.5336441629109079
39024,0,0.00013762503850175164
3786,0,0.25129160868362443
12640,1,0.7893620130063063
14559,0,0.0768465021050035
4829,0,0.003989080847743185
13168,1,0.6190202279326444
32658,0,0.03421328924073307
25917,0,0.004348869407918985
3357,0,0.07104781862566475
21362,0,0.1402392336240436
8242,0,0.019299671304858254
29293,0,0.019753901222613942
38018,0,0.004388304760044308
14793,0,0.012536205786358551
25874,0,0.01395122116101008
2663,0,0.39894623785682515
11762,0,0.0013795847328931232
6066,0,0.07605303760531719
5103,1,0.8469924791780666
20993,0,0.056458396513835093
12636,0,0.0002969729010422285
4996,0,0.0009384575517815128
27977,0,0.02668116451956873
42005,0,0.09431090121843837
2790,1,0.6731162367046479
36895,0,0.007669429770504963
6233,1,0.9405522577438447
35565,1,0.5445116179509883
42543,0,0.4132716565617124
44687,0,0.20300210685513054
39481,1,0.749642789287598
29660,0,0.03136246882819569
3549,1,0.5049037545723845
32932,0,0.0934333802453789
6083,0,0.15323743854379424
34024,0,0.3390715995109459
2339,0,0.010299091099388768
10870,0,0.043949158930706535
23652,1,0.524778047043634
20941,1,0.8103095967643618
14767,1,0.6012377742065548
14077,0,0.21268198728391038
19958,0,0.06505853598569036
25585,1,0.7554987361737601
10553,0,0.015156067215187516
28957,0,0.016756540260060872
39438,0,0.3118598349831609
28300,0,0.0003022006160587116
19710,0,0.017516946196088297
36563,0,0.019468076994241332
37543,0,0.2764330325587106
18509,0,0.004683752374574255
29637,0,0.002973460873161515
36280,1,0.7435283083427429
43596,0,0.05618876232226848
33373,1,0.6320797132801897
5686,0,0.006408255120371124
23182,1,0.4363393840143203
3701,0,0.0016873354156198741
28520,0,0.02910927482266212
18458,1,0.808582458570983
13763,0,0.0014023512834799843
10076,0,0.10495832339629757
41595,0,0.24876508323045132
1165,0,0.31586778506979535
3612,0,0.002449151607827304
3453,0,0.0022746242775008624
40289,1,0.6939269535559044
26824,1,0.9974212117801184
47502,1,0.9808833600255544
27952,0,0.0031124434868304656
10167,0,0.1336423261351059
23202,1,0.7521191825917249
45926,1,0.5327975600020877
9445,0,0.1625570849344452
42586,0,0.02756019482524898
27184,0,0.00014598801284433258
33248,0,0.005072668054444224
4338,0,0.006162763563948804
38378,0,0.4046975485638422
6542,0,0.14008843250741487
15790,0,0.10938202135263739
2246,0,0.2623803329017677
47775,0,0.0007711178129665419
18342,0,0.00020565999500521715
27742,0,0.004184486156354694
20905,0,0.0009673080720941206
48564,1,0.7782345713325992
25887,0,0.003363859036022194
31432,1,0.5158646094724891
38860,0,0.048631715075785495
36178,0,0.09215694253991914
13959,0,0.00029789689445237433
24870,1,0.6164111315724868
40906,1,0.43942849484717766
37749,1,0.7041615852587356
36263,0,0.19665551034678116
40692,0,0.29531244644736937
20647,0,0.07065797995888169
47610,1,0.6171778215798275
43547,1,0.978990033644437
1033,0,0.04238303891455882
29194,0,0.33531577323000356
21503,0,0.002380540540505548
30903,0,0.0019532347015241967
24386,0,0.017147656564752724
14792,1,0.7409810251987407
10997,1,0.9847415992096984
43869,0,0.03664538690495579
36945,0,0.00715831661979869
9702,0,0.41810981141017295
25051,1,0.7768625392320585
45202,0,0.005895322484400104
15952,0,0.0005458166166743387
23987,0,0.006506392666367229
2831,0,0.010365043790170114
32352,1,0.6868417553001037
48578,0,0.2041647486565378
43434,0,0.18778744800214356
4147,0,0.00021520894980007525
16055,1,0.995175827729008
6921,0,0.0029642274687064723
27712,1,0.4663233470659058
2305,1,0.5488680816722092
10649,1,0.6152127489100914
40505,0,0.07225363610805799
1654,0,0.011115340178696496
23229,0,0.04414130045942782
38711,0,0.2713159469171259
25591,1,0.5899638555632796
533,0,0.3879237056509292
37273,0,0.07682311634800386
20268,1,0.6152911821246422
1244,0,0.322317955589718
963,0,0.04844981851958585
35560,0,0.12687114600839933
42527,0,0.032135597999388275
39277,1,0.7486545790126967
2323,0,0.000753685466094883
30592,1,0.48227922357821434
17184,0,0.0009933216866135153
26352,0,0.3034954374204785
48380,1,0.8535574995720708
31795,0,0.00026458449802260325
29618,0,0.030933850816654482
30904,1,0.8108792267895557
2419,0,0.0013560206780500019
14085,0,0.0406459021192431
22675,1,0.9953826693988398
43808,0,0.051837321709338996
3106,0,0.04234548828261983
22825,0,0.1665124313904487
6811,0,0.27092002135417903
20061,0,0.0003721570594668249
8761,0,0.001275428354132417
15419,0,0.05394143803830216
5170,0,0.1053090441632021
45477,1,0.537189004740489
10017,1,0.9307897024529512
12960,0,0.0030054035520033235
19445,0,0.12687282453117224
41890,0,0.0019649190927107842
41701,0,0.3077809904530796
41654,0,0.2689767966335851
43688,0,0.03275334650113693
13376,1,0.8155749835905926
21899,0,0.00024513181882918734
43030,0,0.06486467270070996
7681,0,0.004890168452285849
6976,0,0.07843362761627767
4814,0,0.00021916973428822418
652,1,0.585937091281273
23019,0,0.060695241548028446
27591,0,0.00025816749838001034
21100,0,0.1296794780625939
36442,0,0.07443778522301756
27320,0,0.4102713742775591
48825,1,0.5228834959626523
7593,0,0.1104487560429485
40108,0,0.000843535462474595
19923,0,0.40984024146179043
16798,1,0.9861784027425048
10348,0,0.0027608872097779494
14505,1,0.6505632729211885
21466,1,0.9822736562461966
20848,0,0.004102788610346834
1685,0,0.0055818431405323336
33734,0,0.08731434815622033
31735,0,0.18757451942294476
23411,1,0.5965623169355108
34615,0,0.002746765793379704
24540,0,0.21844592661866263
26610,0,0.42034348439410485
34033,0,0.003249632765773996
4565,0,0.021440611774144618
32771,0,0.010024665688068956
35604,0,0.015642301990107556
16975,0,0.32592191025925515
38053,0,0.0005207675238302705
10709,1,0.4916975087620469
19368,0,0.00849445133517852
16420,1,0.9975816174352586
3569,0,0.004316869103535795
41771,0,0.0030168243918855036
36207,0,0.07609914007894107
24890,1,0.7914080303725834
23299,0,0.00459962390865859
43707,0,0.355298172108206
29828,0,0.003098000883767248
44383,0,0.019171483169547632
16827,0,0.10746510568261637
30743,1,0.8931319348450922
36460,1,0.46236981851217984
3420,1,0.6010878485848717
14223,1,0.5478275637258364
44336,0,0.0010839809966383697
17052,0,0.0367349612262843
36747,1,0.9959418352510866
44220,0,0.03878902803858881
27503,0,0.02786070157368283
43276,0,0.12338449068706614
29420,1,0.6807203909173035
36314,0,0.283497320854462
43562,1,0.42539599650480425
25134,0,0.36038996560552716
9739,0,0.3125649432039259
7526,0,0.11500746279761839
39285,0,0.11460135600575322
35664,0,0.08531650713562003
47427,1,0.5917964649146401
14225,1,0.8432417354457952
13368,0,0.015410462061416427
2151,0,0.0013795847328931232
28999,1,0.54231551732858
44488,0,0.039029353862759485
48165,0,0.12614050336629867
27228,0,0.04543140105514175
5226,0,0.1288314285741857
1545,0,0.027848080195499777
11374,0,0.08749840650499689
48144,1,0.9884112921485142
20987,0,0.0017544535153511513
43479,1,0.9553012978876012
32745,0,0.002987171601520642
1396,0,0.029279689243214217
25479,0,0.22398268938836954
27652,0,0.0024721502337703245
26403,0,0.13624034374792274
39089,0,0.0008820087058540131
39973,0,0.39866809962147176
27396,0,0.027957521891826747
11097,0,0.26769999899211006
1320,0,0.08318924528114381
4645,1,0.42909891750930257
8930,0,0.0014825164208443497
46952,0,0.28300796532590894
22497,0,0.008167910897835955
40142,0,0.042374084150540316
34326,0,0.035814841339706666
25354,0,0.014684480318173154
37640,0,0.002824851026414824
35723,0,0.043704291996617246
24881,1,0.4503294739842832
32438,1,0.5834295349108378
21348,0,0.0025475840620180416
43303,0,0.00294187847401714
4234,1,0.6913168279358337
33595,0,0.07522039801376042
8189,0,0.11056869497945486
35485,0,0.3900846305037278
34512,1,0.7900877895145301
41242,0,0.07683259093064794
22342,1,0.4683819075000983
45303,0,0.0008223114249396977
22953,0,0.05469261110418353
36750,1,0.5176384321838523
12404,0,0.03422127040247501
31384,0,0.07587969945675717
46298,1,0.954113455613912
17240,0,0.2044512813072639
7498,0,0.0291982621051878
8570,0,0.00032135160339537673
6905,0,0.020533309571972223
3508,0,0.0019150652591336187
11667,1,0.713549945104944
15481,0,0.2513405438823364
24334,1,0.7368787725680819
1994,0,0.008921281810805398
28990,0,0.059014563152314
12893,0,0.001874701539085887
29967,0,0.4051374899373497
31169,0,0.22353208419005657
28965,1,0.4304896465953415
47474,0,0.001969545674030781
15781,1,0.4865507561585133
5549,0,0.3826310348390562
45069,0,0.3823273330588184
15855,0,0.0767557075254009
31317,0,0.11492277380044418
32504,0,0.0011821209238355556
28930,0,0.07719566808842869
18422,0,0.00024720224503382106
21269,0,0.022604581672925936
17164,0,0.025348903690360036
5324,0,0.1615552220097821
31575,0,0.03690787292849912
4010,0,0.0020225544995920216
38546,1,0.9976743331256581
31578,0,0.07033182343044138
27397,0,0.0008103996999697725
34800,1,0.45222746685859194
47547,0,0.20486491863123057
36613,0,0.09451075742852173
4544,0,0.0051795527628108705
37768,0,0.021984523367735428
8475,1,0.5291516330558887
38100,0,0.23939469944976063
22872,0,0.020708469727603786
5596,0,0.0035723019513216885
6218,0,0.016016620061220507
34219,1,0.538110374761694
45061,1,0.7708063817866511
40172,0,0.006684436763812083
27032,0,0.008785098784432713
44881,0,0.21105131763791302
17213,0,0.014223106242560802
24841,1,0.6973590033447498
40860,1,0.8881979953705886
33821,0,0.0069099400223592245
9829,0,0.1484052932465246
28438,0,0.003578404469678701
7450,0,0.0002015326306752123
19285,0,0.009713360635786195
44023,0,0.0016121843052996393
36507,1,0.9945141647365638
33327,1,0.5794865530391835
24655,0,0.00029707634963009784
39484,0,0.17675802013579966
17357,0,0.014124812530217948
45048,1,0.9935070397784281
18866,0,0.015426628280137713
20077,0,0.0009881019147974914
33176,1,0.45776938217334784
29350,1,0.9691378929882953
47674,0,0.003589912806345319
14116,0,0.001719591714253084
20488,0,0.1791172944290332
5041,0,0.013415171678060538
7933,0,0.029008162323339123
42604,0,0.0006147514574203912
22686,0,0.005143794691277911
36790,1,0.9948598337871878
47135,0,0.16635600875863094
803,1,0.43955800589712685
35606,1,0.8511070053597544
21417,1,0.43113242917158995
6601,1,0.9983702280172149
30665,1,0.6474560056797772
9646,1,0.6393968824099622
24472,0,0.06709266159823918
44469,0,0.0031020156006159694
26683,0,0.004343343182377105
29906,1,0.9475252578995712
13453,1,0.9831353434751091
20231,0,0.026167268446488017
27419,0,0.09292983425965269
41073,0,0.0017438874432146984
6553,0,0.001251865530130023
39634,0,0.00871328598571237
45322,1,0.9777966770033956
15169,0,0.006296674542313465
42651,0,0.19810619729877493
30056,0,0.2985566118210262
40424,1,0.9969966614604099
2301,1,0.974409501472993
27071,1,0.6961565485837793
21040,0,0.2668669781115895
45956,0,0.03997354671363388
35235,0,0.0003059735108532512
45964,0,0.30282879266448465
10724,0,0.15001666268722696
7174,0,0.030179938037787495
6709,1,0.9897962709734698
25697,0,0.043283013918148434
40569,0,0.30022463584744696
24693,0,0.21704235540321362
47172,0,0.3842265761298286
20218,0,0.07163272595016802
26096,0,0.2756780732510737
13934,0,0.3422754566727266
4590,0,0.0002202111146514656
862,0,0.08091891863322136
13260,0,0.3828433626566879
28340,0,0.017398388224476747
23636,0,0.321170377646237
14091,0,0.04935149526460638
37987,1,0.8091472216140095
39848,0,0.0010528297489935605
44128,0,0.0011595721635635394
30930,0,0.2505872583658638
13366,0,0.0020434848992324853
26670,0,0.00328383048841819
25970,1,0.7643920809353262
47997,0,0.06250298195771918
42502,1,0.9973009107037616
26263,0,0.04281336080049205
39884,1,0.5578599102187326
33602,0,0.014440532875881814
12897,0,0.010606326087104781
1577,1,0.8360536039698202
32085,0,0.06444395406987988
15618,1,0.5381604170817389
21938,0,0.032954136800020385
28280,1,0.5508236298466035
12039,0,0.004564423814145594
3698,0,0.22669812121235913
30639,0,0.005543656646221117
38318,0,0.011806455679689333
14665,0,0.13932967922715536
13078,0,0.01115687088883904
34015,1,0.5074805342226988
16681,0,0.0015212630277353268
11994,1,0.9949335469454959
25455,1,0.6846724697244667
45020,0,0.39421628466818043
16141,1,0.4956426534596918
2147,0,0.02683344016906764
48149,0,0.0009253665131286095
19999,0,0.019590217412370305
1648,0,0.06732183260280833
6207,0,0.05505328808837381
9686,0,0.0027815519235437416
10492,0,0.013998782732798306
14472,0,0.41830362525754117
39210,0,0.008145607418991549
12696,1,0.7730015336962015
15963,0,0.36031965777259356
24588,0,0.011196381853493751
36226,0,0.004972881931913459
39559,0,0.24175261718013288
33807,0,0.3606698849107708
47112,0,0.014768863585229034
9056,0,0.00026007514478741786
17787,0,0.000723949157036466
41320,0,0.0030236600175923955
43173,1,0.9767173849214397
40191,1,0.8638940915283682
28593,0,0.019692426361040457
46953,0,0.2986096174493958
741,0,0.03760806169392603
23251,0,0.00029775304812333013
8194,1,0.5187662862591851
8566,0,0.0019150652591336187
10710,0,0.3558586792395442
11464,1,0.4962070278809063
19201,0,0.0009647938970521572
39088,0,0.024481364841043907
40617,0,0.15825259850876727
3445,0,0.003375364272256823
40533,0,0.131037613643349
36038,1,0.44623088843997327
20536,0,0.027811191995826812
38839,0,0.0005792760261600263
14068,1,0.4652591430187871
36150,0,0.0029216926199798483
3215,0,0.000913995274471525
10394,1,0.788561601196891
14849,0,0.03039540076832538
18251,0,0.09314674186227342
45861,1,0.4610757837262681
33656,0,0.025808677596688805
41310,1,0.5853357386329909
30187,0,0.00039776611251397684
23030,0,0.2509946840582854
11348,0,0.00047384073461566236
33466,1,0.5027931458573474
47292,1,0.9551082742017141
44632,0,0.0016764327727860748
38919,0,0.35584737986390524
26534,1,0.5080803021720406
5767,0,0.4087641609361199
30626,0,0.1884458318131637
39430,0,0.12132381514033345
23967,0,0.1284261976017678
12231,0,0.057957238288245824
39062,0,0.1354514687551603
32535,1,0.5025024988500713
46069,0,0.000329082916001401
16392,0,0.21122553743332517
30412,1,0.6164895847960769
33566,1,0.5180110416070592
30597,0,0.1687996470064878
2849,0,0.0038881171028134947
21999,0,0.2073215022069014
47123,0,0.2783828046315726
27062,0,0.008777313322410201
30761,0,0.0023370699396772633
30924,0,0.011505134480721688
29090,0,0.011362266687148686
47866,0,0.16134583501632546
38434,0,0.00039956082065712584
23557,1,0.6338562067045435
43036,0,0.05698100894663758
21131,0,0.0013882359005656713
17038,1,0.664679927880639
24173,0,0.00040818314569080307
36948,0,0.18459219121157297
7853,1,0.9964977080614897
29919,0,0.007183583069337029
38387,0,0.001181317943995349
34810,0,0.12009873247183275
11265,0,0.015446941191378741
27439,0,0.004891474063764462
25392,1,0.5442679213681352
45592,1,0.9871204444087163
48800,1,0.8966964991366189
13364,1,0.5245324279357704
19049,1,0.991731818036547
37475,0,0.009715623438511928
34331,1,0.9608302326276401
3231,0,0.0003504329486552267
13530,1,0.5065156395640088
42328,0,0.3785712974557353
18472,1,0.7225383769053694
23965,0,0.37367523100557165
6922,0,0.0004010315895030726
8231,1,0.5314266040295084
24489,0,0.00035341064136369476
33073,1,0.5747606409020304
48016,0,0.005132497033914163
42286,1,0.7853705463906296
48502,0,0.04256503017912066
34071,0,0.0045722102860450056
10281,0,0.0028872720347021944
31340,0,0.3258179546328292
16297,0,0.050649652097647484
24944,0,0.00020479627317003833
28213,0,0.2720018953283459
35185,0,0.17233416974381907
35935,0,0.0486289578781298
21245,1,0.4583766599873588
13076,0,0.0016437305556939443
29103,0,0.00033176533192888236
11078,1,0.6039153102619265
35830,0,0.020260011556454818
9857,0,0.13105438238376965
27136,0,0.0006144403802556686
35015,0,0.03536158102801121
5032,0,0.00029055264323535367
1976,0,0.29809208315249697
41351,0,0.3242478961914414
30720,0,0.06269479370336987
20293,0,0.006955617625288989
28359,0,0.0062887643291090305
13255,0,0.07638454972104106
1978,0,0.011546439833619521
25878,0,0.008668201735037202
24871,0,0.09333303539584915
25250,0,0.05542341008500672
46526,0,0.2720338781075475
5941,1,0.9964729816663976
34140,0,0.004847451971214768
31533,0,0.0014839556535253004
38704,0,0.000371970270845329
35602,0,0.34961784114806327
19604,1,0.9937704390474819
32653,1,0.8384471082659212
18049,0,0.18706266347646763
32495,0,0.005945756339087174
20367,1,0.7360528756542267
11646,0,0.005446695035358064
20842,0,0.001719507086063916
26651,0,0.00751526207618883
48577,1,0.6634997726712998
20481,1,0.9938025710495336
20090,0,0.16156085875481882
35243,0,0.0018563920508867726
14674,0,0.3493513759928939
8618,0,0.3601802456387049
47746,0,0.19757800603730694
31780,1,0.9207593339128584
26588,0,0.039122708002697654
6593,1,0.992615802394583
35967,0,0.3736287241295424
24607,0,0.04273096120388334
15521,0,0.0002532045056807745
31396,0,0.0009412990909595526
14774,0,0.0019240298437002083
22633,0,0.0010766131779400816
29699,0,0.017270993081198022
25405,1,0.4283505588119993
43944,1,0.781411798100633
9063,0,0.00032678992447077843
11551,0,0.3136320532940456
33696,0,0.002630549806936171
28377,0,0.07660393720948674
38593,0,0.028099054465640656
32681,0,0.06171431312003756
32054,0,0.041885228506721287
36742,0,0.05529525762490611
10821,0,0.021977894034326515
8762,0,0.017299969184372165
1053,0,8.554927047872513e-05
3096,0,0.09505334279808234
1985,0,0.0046615225154367735
26187,0,0.05277339502612437
6794,0,0.08468424675597525
9912,0,0.38565272684241014
19684,0,0.008077545266702185
32088,0,0.13606726783869008
44589,0,0.0020417640243972487
26125,0,0.00041122512727939957
31726,0,0.005927235290884919
26127,1,0.5751955841267153
7739,1,0.48422746074941786
34521,1,0.9982838648687122
23076,0,0.007270152168475194
48253,0,0.10980942650956625
39171,1,0.7584373538765844
46820,0,0.0010170987293477895
6021,0,0.07728755263887573
3483,0,0.13479480793519089
24110,0,0.33256972866466133
32136,0,0.04112782870187129
18897,1,0.47829932645112266
37047,0,0.2692808078598325
24447,0,0.019922228446798983
3946,0,0.06435562988291679
941,0,0.010762687754700573
15838,1,0.8465177784403214
38595,1,0.4704542590653708
41984,1,0.4649580348693711
12901,0,0.006780352733938515
12478,1,0.961873474887658
44811,0,0.007737982561303346
9184,0,0.13642398508275988
13574,0,0.0005205518678136212
39930,0,0.3290339021417348
43806,0,0.02594760847943543
9238,1,0.5441771994972432
34792,0,0.00026458449802260325
15712,0,0.2519594740516346
17080,0,0.0076984514671421065
26981,0,0.3258179546328292
9626,0,0.3592896338624733
22412,0,0.4145762329625974
12592,0,0.0075257608530000485
33208,0,0.005494863790594761
2604,0,0.358082853318682
46300,0,0.07502027592885166
28820,0,0.0037089251972150447
18717,0,0.0008287126289954532
1823,0,0.10369745452007557
40897,0,0.06710514237561935
6676,0,0.16672115011875963
22957,0,0.24610506658039286
31471,0,0.01875173411872377
45327,0,0.005005545644148266
22796,1,0.9915820981075677
2468,0,0.3187666215623649
13733,0,0.0002542510799191691
2821,0,0.15621260048184188
29624,1,0.9962243354376242
39640,0,0.23539792340495136
47256,0,0.0004652470983857594
31177,1,0.7663141676204085
29097,0,0.021066005658268667
42258,0,0.0675511210990371
7746,0,0.11874253074845256
3022,0,0.09729880266519735
31373,0,0.0034754064254291536
11626,0,0.383922007774053
42390,0,0.00048255604588590015
19474,0,0.0001427419057357764
12241,0,0.0005649229451147638
31379,0,0.3526919675902103
7706,0,0.07675799186815124
27817,0,0.00038899865297740727
22817,0,0.32382870716029505
46763,0,0.0007053131773284039
28049,0,0.013285480949723798
46701,0,0.0017611458554219897
29044,0,0.1287028738416993
15801,0,0.29810611238462276
31980,0,0.021206786837162234
36343,1,0.6551312262393828
13361,1,0.690019049103265
43098,0,0.2681257486370708
3392,0,0.25641593993501066
19264,0,0.39870723809326364
28598,1,0.8380928882831883
26671,0,0.4065555824092283
1742,0,0.004141417884592462
42184,1,0.7997408130962176
17438,0,0.08022284908794661
1522,0,0.2087143529932229
41490,0,0.05156687488068148
29367,1,0.46548745841038547
16613,1,0.49101943595704356
3077,0,0.3897355834170971
24803,0,0.13195479276043098
8597,0,0.0005069482158584952
37927,0,0.16322774870035542
4048,0,0.042931454640340955
1555,0,0.0001427419057357764
26078,1,0.49151919021595514
6924,0,0.03188851777871785
31247,0,0.005111121107622076
43005,0,0.0009784326642549173
7545,0,0.007202919937244402
23449,1,0.5658665213839792
4916,0,0.00591787288117055
31597,0,0.10564859133112953
5978,0,0.1172264808415104
33629,0,0.0002971706434578637
41663,1,0.7349606037653401
6313,0,0.0043231128847592655
28324,1,0.6858273345220166
30702,0,0.0035737229632171914
18528,0,0.2044512813072639
5047,0,0.016957674732290384
9605,0,0.0014260256875010936
2400,1,0.5895309469422171
16421,0,0.035398083917656184
4789,0,0.00012229156684875168
32040,0,0.1225186190179808
14321,0,0.0006623526738915447
11584,0,0.268680727239314
9507,0,0.0067786308526124875
12782,0,0.40379910395742596
30362,1,0.6399698070935871
39417,0,0.014679669153699679
28246,0,0.0018991978352969694
16884,1,0.8116820409156897
38113,0,0.10853351231661927
33582,0,0.011108183479884477
48012,1,0.7155233890648244
3417,0,0.21262091656679527
33705,0,0.022927784807035268
20950,0,0.0015570235766682124
26370,1,0.9738388068649129
517,0,0.15462536678930336
8114,0,0.09766073539115251
33252,0,0.00968111147301991
1636,0,0.37550071831300325
16243,0,0.01021527320721394
417,1,0.9906475832683944
25273,1,0.6485271501916782
5880,0,0.006351442092201971
16165,1,0.8153972801836282
8902,1,0.6302955115708229
14683,0,0.013963040770521493
10241,1,0.7019520567561736
5992,1,0.7580387111997383
40421,1,0.6406654602266953
3032,0,0.028099054465640656
33569,1,0.9974872767075241
17657,0,0.0005341082778398725
35354,0,0.00120261116338783
4029,0,0.0491333850380391
25936,0,0.0431048124187671
31268,0,0.29939275837939905
4606,1,0.9838184664227213
12693,1,0.6380345513836403
44012,1,0.9978872574705189
16722,0,0.0013671416730807492
40245,0,0.008548499518729902
28281,0,0.09508339935794717
45330,0,0.0008217424491258158
13313,1,0.4675857101690079
16753,0,0.14933520074106735
10013,0,0.05676640430779054
31908,0,0.02283411052734112
31577,0,0.00448673763821711
46342,0,0.04657917594912285
8526,0,0.4127332538566076
21420,0,0.0005756049704765682
18113,0,0.21326481328629657
31288,0,0.00721508658855489
33804,1,0.8023034555380717
99,0,0.057127016083198395
24826,0,0.00047240080782346154
47681,0,0.03714970781113799
22409,0,0.00023447052037923617
26031,0,0.008047812098725932
10823,0,0.06871309717961677
9987,0,0.003016942120989574
35367,0,0.09113385092448177
4266,0,0.1441449893664469
11710,1,0.9882497336929276
5371,1,0.7517310904974164
23167,0,0.0007323797958899335
24570,0,0.27458554732998286
8480,0,0.006607548979667152
22903,0,0.0003069189882421465
39431,0,0.02940084450706143
2389,0,0.07232278571065008
40878,0,0.017209195276264376
18795,0,0.04873631155249275
38885,0,0.010745086305145472
8279,0,0.0006036596485168585
5427,0,0.008766669366864172
48831,0,0.006255013663047199
33776,0,0.0006841179190483662
20525,0,0.0985651286094516
19146,0,0.013537090693412537
38427,0,0.26046855772267763
21383,0,0.06273530104239201
38390,0,0.040357082686689624
18989,0,0.004674549987655186
7912,0,0.03988143903790377
24657,0,0.015793535792280218
7129,0,0.26525258245515265
46104,0,0.35378282718886916
22112,1,0.5986256468255713
38117,1,0.9075816191796762
14428,1,0.6681565143652062
31194,0,0.008905300799401812
12396,0,0.0014537237462962957
44157,1,0.5783528974962523
35617,0,0.046145854944999024
42148,1,0.46434709530973617
19932,0,0.0007154283874976555
3754,1,0.6553359861862289
12097,1,0.5289684799073131
47713,0,0.24861396171087008
42389,1,0.64950207645353
22860,0,0.0057945529681272595
13302,1,0.7972426260373972
16032,0,0.002852502994445293
13299,0,0.3851435955282272
27466,0,0.005416996077892609
15278,0,0.38172155839820443
2021,0,0.039346948228601235
46417,0,0.0019038833740646366
32865,0,0.00046035019652541584
48006,0,0.41059571953408275
8493,0,0.36890601430362596
33775,0,0.0011983900941824343
11901,0,0.07682427153183335
28166,0,0.12540019005524353
21042,0,0.0012476223145013313
8787,0,0.0008959642145688609
2679,0,0.04157791280805504
25628,0,0.08180186833731791
1509,0,0.02263756536284593
9193,0,0.0008458048488427049
8240,1,0.5741126742416779
38276,0,0.09663108140748577
38017,0,0.3159716227456348
38720,0,0.14503227640394703
12001,1,0.6754330933779642
38802,0,0.054769300027660124
32417,0,0.015160737617433669
5894,1,0.6424824148910665
29491,0,0.25267004086178624
38933,0,0.11592391316690229
11459,0,0.02967009615949016
6351,0,0.05524820841150377
30778,0,0.0012604204014813874
10584,0,0.28316982585664496
36168,0,0.007602951042603742
32340,0,0.0015087236997231132
43192,1,0.7516784008753381
28298,0,0.017109090698708057
15826,0,0.08002421719795692
26751,0,0.018177480773686777
42736,0,0.08168715242565172
34309,0,0.06234800801988556
2508,0,0.02220343574949924
44655,0,0.0025357425699806904
35264,0,0.12158040794827349
44793,0,0.3152304514410921
14217,0,0.2524545866569373
16823,0,0.37337952712405165
35020,0,0.0005298234327370968
4254,0,0.06671270510841784
5743,0,0.029072138597031446
37628,0,0.0028648776902833553
48565,0,0.004950208282420211
15076,1,0.9981768804843787
22339,0,0.31522985175049417
13611,0,0.004626822363509772
12968,0,0.2938448286226857
10825,0,0.005840085603210868
954,0,0.3840537170275559
4823,0,0.2528203737070654
37937,0,0.004205364739714087
18912,0,0.26595724382771274
13372,0,0.007618304084035762
41439,1,0.984524905495707
45090,0,0.006435664240613842
32199,0,0.27269715184113524
3162,0,0.0004295503794393009
23752,0,0.006055415282531274
42294,1,0.9935597526910721
31005,0,0.02603539748636766
43319,0,0.04149153197489258
47934,0,0.013056072476022175
38303,0,0.016481207203133317
4013,0,0.04917287292802771
32212,1,0.8070814013375655
6757,1,0.5469052275310655
39793,0,0.005145337487701069
32316,0,0.018559038839682424
9377,1,0.9915091946696318
2659,0,0.0015614347200839616
46184,0,0.027505717406195066
36129,1,0.7769025184461815
10242,0,0.15820604532894572
18969,0,0.08947301593106353
38662,0,0.04786523197692721
20574,0,0.020642078155062454
43097,0,0.2187161747683977
37801,0,0.05193272722329252
39886,0,0.0006485329859867571
32755,0,0.043979123175614844
34985,0,0.0002585535733624412
8547,0,0.05041445311149622
15806,0,0.041213705344059805
41006,0,0.15118739842767862
2667,0,0.03324669626807392
41340,1,0.931242303141838
28918,0,0.01499047371212847
13833,1,0.7081917949403465
28217,0,0.1518777160972472
24865,0,0.04064957904589529
36681,0,0.011492893542853384
44210,0,0.0019725347001879087
31261,0,0.019757784644745726
18651,0,0.042973815702421966
12660,1,0.548558055977888
18183,0,0.0016770127825418808
47853,0,0.04680023071192305
8511,0,0.05949519472090743
30776,0,0.002410742214757068
24913,1,0.44623088843997327
48432,1,0.8121302731182629
35459,0,0.006227181250175499
10442,0,0.03170299723457512
3894,0,0.11427089836021961
10390,0,0.001427948953776667
22914,0,0.0002523765999128567
18839,0,0.0030193569840498403
27955,0,0.06151097887952194
15562,0,0.00162223210704776
848,0,0.005167153015428732
9909,0,0.2037684561306099
15212,0,0.003978917345170105
37178,0,0.0035814957559905077
26895,0,0.14353931140045942
28570,0,0.00377373908323285
41604,0,0.0014779565433273958
31537,0,0.03910588256579655
45872,0,0.020730592375617363
37281,0,0.3120482693533651
17519,0,0.0043912311524697215
21229,0,0.057876772067881915
33852,1,0.4314719306421038
44398,0,0.000995681100223615
30366,0,0.08589961967535548
44586,0,0.01005270015114562
41818,0,0.0043799646213413135
5542,0,0.014461258654163337
43580,0,0.0006976881991906913
6758,1,0.9956185219482204
14770,0,0.03140524080423538
43468,0,0.002097147864399724
15362,0,0.000374512982417838
16342,0,0.0018769764400131477
40722,0,0.007722714333068826
37182,0,0.013014440266390799
17054,0,0.11682455900501115
13204,0,0.0583653149827512
17757,0,0.007720987338664628
41015,0,0.011871475975791043
39946,0,0.18235971954859603
22673,0,0.10746510568261637
35078,1,0.5413520909546716
8421,0,0.3358197930412598
11458,0,0.14716236069313293
38055,0,0.0169437263960843
32906,0,0.4019465932106198
19376,1,0.546735252922327
34898,0,0.008106006861155946
45007,1,0.9832858951017595
8469,1,0.9982086259073997
34213,0,0.002032641376070779
9802,0,0.07734680859843558
7268,0,0.36642534612448985
32852,0,0.18762945088979177
32411,0,0.0061747460814050815
33813,0,0.07029039386371382
47908,0,0.0020049981204005455
19342,0,0.344953341519878
38294,0,0.0006102898584643612
41597,0,0.01942201785987305
26312,0,0.06845972690827543
23027,0,0.020138857994513107
23883,0,0.008554939041738076
1484,0,0.005671087258679425
10454,0,0.008066496592580852
42437,0,0.05419922706675736
11752,0,0.3721554507942979
2291,0,0.30092958659661434
45857,0,0.0017724462525218498
15579,1,0.565048697470917
40744,0,0.14003015636538574
43572,0,0.03261472579337036
25279,0,0.023162787263796277
44290,1,0.5936767872774771
11417,0,0.0646999255674987
42988,0,0.2943790938536229
10610,0,0.2432657584135896
14262,0,0.004734597062807686
15653,0,0.05524326404846076
37247,0,0.010932953995676549
48053,0,0.01995780751751661
44880,0,0.010117077240044717
27590,0,0.1512451395964058
6982,0,0.0014562767757067433
19112,0,0.003913330825098024
20403,0,0.09001385956789416
10828,0,0.025103529741465853
30489,0,0.003053203794162606
6120,0,0.0010314416762595973
23059,1,0.8122155848959358
27828,0,0.012412170200450096
26071,0,0.07344994281921803
22848,0,0.0006025393983232301
39736,0,0.06752065791393821
20091,0,0.27727666932609113
35993,0,0.0036730455066556564
41931,0,0.32077930162197876
7025,1,0.7033707091180341
46878,1,0.9364787516826262
22478,0,0.10406710024927196
13989,0,0.0028295672405880146
48396,0,0.009054637296203873
32259,0,0.07413369188295954
36265,0,0.02761310060951796
30732,0,0.003485164612429178
8571,0,0.24210874296919146
25095,0,0.0017563313265649314
48601,0,0.015006764562858836
20165,0,0.3120482693533651
28385,1,0.9964772590489765
1454,0,0.09717314596962473
44044,0,0.009347013824130153
39954,0,0.0004840066211464955
15011,0,0.21061097913299198
21982,0,0.0013023580421395464
29207,1,0.7747245411636767
22638,0,0.007927663289972634
13735,0,0.011720553519373513
6405,0,0.3964656541298821
12124,0,0.04735551168161299
9243,1,0.455290115787502
45298,0,0.010920851983771077
40736,0,0.0007923634545805922
24685,0,0.0006236059974578834
4616,0,0.0014120376831792843
23393,0,0.005621930849363268
18903,0,0.006444977611928314
45427,0,0.0008392819566365536
10475,1,0.9941175551937477
26000,1,0.5319640715876801
9009,0,0.04240739497513335
2195,0,0.006444843885440548
40376,0,0.07042030610361087
44866,0,0.0010314416762595973
29931,0,0.2061966786977732
20869,0,0.0021962590214468047
12105,0,0.25545030364508514
14857,0,0.36096370576511566
24383,1,0.9985381188026212
36385,0,0.018051996576711176
13463,0,0.0009428326392703491
6731,0,0.34194675726118834
14000,0,0.002470386704407819
24018,0,0.035518527062821666
9479,0,0.011133446667285135
46670,0,0.055209479315983516
5788,0,0.0007571320124025858
39592,0,0.16437629599976306
44888,0,0.029529221804354543
27133,0,0.10678312840872033
3278,0,0.0030192823375616265
36646,0,0.0016679408983451545
41105,1,0.9975880119015395
42898,0,0.10167798768509455
45545,0,0.008939456202108186
32860,0,0.0003907412405835222
45253,0,0.0002750186341845657
23154,1,0.47103221630221076
23314,0,0.0009476031810517208
31480,0,0.01596899877781613
46234,0,0.0443028368397785
15619,0,0.001595002489356547
10843,0,0.3244366407528705
32832,1,0.6375169231749152
305,0,0.08377532902001561
14615,1,0.459977366624847
21724,0,0.05559909665245275
153,0,0.003169321156412781
44802,1,0.9019512313577319
35450,0,0.3853931407565734
3446,0,0.03348930244209763
17816,1,0.9979144840331349
15018,1,0.6006306368579983
42744,1,0.6520584957959276
1419,0,0.01843992357348403
4703,0,0.015327832483606238
14146,0,0.2395292171563105
45701,0,0.013041807187463953
5562,0,0.07549630267591569
30109,1,0.8203187892864646
7375,0,0.0013881583497764634
38042,0,0.0005323526488744885
30209,0,0.024732357759041222
18607,0,0.010461295631459085
26586,1,0.42295206062028284
34635,0,0.004056273289774444
33492,0,0.018138352180390463
42381,0,0.002338860828149677
38630,0,0.00016780910684158966
31180,0,0.006683955477929166
40072,1,0.9251374369866526
15552,0,0.24752858526386817
28878,0,0.005446695035358064
7816,0,0.0012533617930180225
40148,0,0.3615087829972148
22731,0,0.31835235297512704
34660,0,0.3136320532940456
9521,0,0.004898936460056853
11837,1,0.42727735580331755
8257,0,0.134272388687962
28890,1,0.4765572708228991
6852,1,0.99156311506774
4727,0,0.0004863070910389438
3258,1,0.8524657309166292
44422,1,0.994311711746017
27807,0,0.3315241418007798
8446,1,0.4762473203996852
37148,0,0.39414016666164003
12426,1,0.4693301739968972
40407,0,0.0020382333869896074
26608,0,0.010939799021972263
4833,0,0.0025001111362623904
20420,0,0.3258179546328292
6134,1,0.8745736859276044
4501,0,0.00648321163327174
28684,1,0.856574908440101
2943,0,0.017190066769360513
46753,0,0.00024148502760996227
28196,0,0.0003907412405835222
6873,0,0.007381059033412142
7398,0,0.001872333906829328
41730,0,0.000996720267527488
40190,0,0.0009460331003377329
46653,0,0.02543912536740178
19288,0,0.4027012480604091
40014,0,0.0002817343291826996
44160,0,0.0021609906068538617
19247,1,0.6551539681310625
46036,1,0.6880509615875843
5021,0,0.004316862435953399
20185,1,0.4277428537301927
47313,0,0.004783639736541601
25716,0,0.0004303526152781973
17373,0,0.3242678575163762
41727,0,0.1996560060683533
25071,1,0.5440062417462069
20603,0,0.007819952164003512
13650,0,0.22451626966206537
40370,0,0.2712303516210477
2902,0,0.0005205518678136212
5353,0,0.051641428678175144
32661,0,0.027963677679018067
3629,0,0.3570086095808489
10762,0,0.30296454996889177
24762,0,0.003373156925607936
14833,0,0.14651992547731182
44342,0,0.0011821209238355556
29202,0,0.005111121107622076
9012,1,0.6039773083842036
4202,0,0.31173920584462195
10803,0,0.0006293027852753702
36958,0,0.2340142628608008
10792,0,0.06829910273277212
48433,0,0.0031125111052377782
8921,0,0.020684714152594538
34838,0,0.0012109027652675943
33682,0,0.0075513962840978955
6536,1,0.4933624685671937
25778,0,0.4051374899373497
9635,0,0.0009576548879156347
43991,0,0.06487904802805819
33969,0,0.004493359490025635
2241,0,0.10858388005795326
8359,0,0.001053339449552376
19682,0,0.013265112974092302
20784,0,0.13639843362783277
34564,0,0.006539888776475736
42958,1,0.9970851021201
12215,0,0.08239452155078035
19529,0,0.005255277613842754
46035,1,0.5253666162057221
2238,0,0.006348781747465013
35552,0,0.19749529748431466
44982,0,0.020217667462561043
6903,0,0.3691646455486998
47217,0,0.11356277724199035
19237,0,0.028627224668667038
47946,0,0.00024684796167538653
17498,0,0.00035945216307702813
32423,0,0.11453870550250299
47018,1,0.9876818075248874
4204,1,0.7840201936785451
20154,0,0.4172822793460269
30039,0,0.0029182055371832793
40279,0,0.24991116336387406
12729,1,0.5027931458573474
39497,0,0.06481785871612229
41133,0,0.19781785616298742
40808,0,0.0003907412405835222
20778,1,0.9467402351188885
29457,0,0.2797850818963094
34428,0,0.0007695820150626745
27271,0,0.0014788103416731827
26718,1,0.5875898994146864
46678,0,0.3085698958393723
22715,1,0.9948801407562307
13151,1,0.46822281268505145
34105,0,0.06390071451746743
492,0,0.22595933946543703
43837,0,0.10003722106849643
14566,1,0.7378594351289806
34857,0,0.0011525807335003352
15383,0,0.026110108167784588
22854,1,0.997549624740436
14555,0,0.001521191250790586
25262,0,0.40953948336554297
28063,0,0.07552647526201768
47647,0,0.09301032383042364
11750,1,0.9826203452804989
19738,1,0.5244792578331035
10578,0,0.0006436404130649968
13467,0,0.22517355590979632
34657,1,0.814894239518123
29578,1,0.9491627809466989
15432,0,0.025994620427716476
10645,0,0.06381046940918304
7719,0,0.0015062881538078163
37485,0,0.024072765861004417
37795,0,0.0017227304803089764
32222,0,0.0030726284937238673
2719,0,0.000622476771285472
31410,1,0.8839544185292996
7558,0,0.02533613250144474
5727,1,0.9899371379113577
18399,0,0.08424222414999652
24008,1,0.9851424323111163
9267,0,0.07207750670184279
7871,0,0.004716224209500211
48049,0,0.13698388486123783
17881,0,0.0012363363991757033
4365,0,0.4039589723543674
25239,0,0.020092798249743794
18807,1,0.998827481571202
31761,0,0.3899684189913257
25898,0,0.053493799648505286
14701,0,0.001981438559244523
26276,1,0.5963430723813424
46891,0,0.001217737694620362
5171,1,0.9821791020312489
792,0,0.01522262154326054
29568,0,0.39182224395941784
26722,1,0.7102069042861382
40331,0,0.06939136562707064
20870,0,0.30340655297151214
32533,1,0.5936553474977786
11077,1,0.9991024605063353
9794,1,0.9763692270587683
1286,0,0.10640423633956411
37935,1,0.7722405524778685
15354,1,0.846671638387433
19911,0,0.01770349776660558
37097,1,0.7957997029460151
15394,0,0.35948275075007496
1044,0,0.004732030213632656
42304,1,0.9972940929472565
38160,0,0.028885677029689215
41997,0,0.003229647913059449
48029,0,0.15513812431649673
31836,0,0.11538004094601556
9680,0,0.16566723674388065
39957,1,0.45852434888410504
3170,0,0.11884135888834632
18586,0,0.0011821209238355556
427,1,0.6696493886337894
31121,1,0.42641627314477965
36677,0,0.0019878681596125435
37353,0,0.10243755974464122
32298,0,0.0019382999185488354
37807,1,0.6342991484291133
16433,0,0.005837222977362591
13884,0,0.0004293347970209775
1191,0,0.21810776342080315
3230,0,0.09112560840226477
42863,0,0.3570097627383822
43290,0,0.015785133174755855
25063,0,0.0001782682192430587
933,1,0.9839784361982326
35121,0,0.08186931994216111
5357,0,0.005569044928862221
32862,1,0.5271673805070909
24568,0,0.14259776265141721
25089,0,0.0500066026362032
25505,0,0.10401370377009118
13502,0,0.0004683393609426351
4531,0,0.0015874078093321754
2142,0,0.3335204573269152
22897,1,0.9263892392658842
8756,0,0.06453374307829483
33042,0,0.012515619519110524
12262,0,0.0005872401451013503
20581,0,0.009133317698715516
19633,1,0.4819572046591705
28969,0,0.0032218631319077835
30127,0,0.00022495113071105573
27932,0,0.05481075229478244
46111,0,0.01730597510989368
19104,0,0.04462324060771915
35198,0,0.02970942539422006
2559,0,0.008833409134337515
14936,0,0.0023920751506855812
36229,0,0.016557616460634736
12947,0,0.09353212249159908
31212,0,0.0002221590466842041
47181,1,0.9148094935816716
24276,1,0.5985156539857849
27403,0,0.15644925263709122
6886,0,0.0007642974267898285
32341,0,0.02798129473865431
45812,0,0.00047384073461566236
46991,0,0.31522985175049417
958,0,0.05285856101352052
31733,0,0.011922711689054937
2761,0,0.19625756102717815
18829,0,0.0008306658685303649
6315,0,0.0076124700002960745
46098,1,0.4674233627929062
22307,0,0.07570185137565773
370,0,0.1516632116434469
45638,1,0.7795806761740105
11608,0,0.0009024046985589292
24446,0,0.002231884422460118
36427,0,0.07488041671473038
33405,0,0.004062973866720005
21125,1,0.5260648116636907
9621,0,0.11493774869182821
8909,0,0.016875857586115522
17025,0,0.0004878100109615631
35663,0,0.0025875039910096035
35353,0,0.34018943016585523
47477,1,0.9939142406329968
14046,1,0.9982100652634285
7887,0,0.15297787429649704
20016,1,0.9978577338302537
25439,0,0.06606867803691355
34936,0,0.0008223114249396977
45570,1,0.9930752102808915
30540,0,0.004205364739714087
5662,0,0.0027922162374247783
3310,0,0.015555849855903749
35390,0,0.0015112322390543774
3057,0,0.34781677985808884
1906,0,0.0074222613300904995
31439,0,0.020482871921459714
4157,0,0.002105566865285306
944,1,0.8467900401016452
29461,0,0.013293695092526564
20030,1,0.431548685205517
33532,0,0.1546793511318495
11016,0,0.015320679532690245
2295,0,0.0015616462270165023
6804,0,0.0018027876299000734
17320,0,0.17613370789107935
44565,0,0.000772738452701754
15674,1,0.43372309474164855
8933,0,0.13448004027427224
30786,1,0.8138428166603581
34505,0,0.19981321937754684
19968,0,0.0002452321482591557
290,0,0.0011298093959535018
38188,0,0.00441887896110554
33658,0,0.001190307480806878
22536,0,0.31271391208430377
12091,1,0.9869113333359834
46612,1,0.9606576700786432
48381,0,0.00074835946089186
5117,0,0.017785985481569868
24960,0,0.10238101509806058
36260,0,0.036413902341925944
42312,0,0.015405109981143422
26138,0,0.0004230865426240973
37440,0,0.05275642482164773
8932,0,0.0036071768925846634
46030,0,0.39767361191616685
26950,1,0.8755378560740368
22570,0,0.07346597955753689
34135,0,0.0013914266443001626
30405,0,0.02646152147249208
27253,1,0.492709325074923
35379,1,0.7244206189023518
30458,0,0.005985622618213979
18476,0,0.18701971829887318
45659,0,0.0025866816421969557
31207,0,0.007479403770699765
16829,0,0.026466674123957607
25572,0,0.39894623785682515
30979,0,0.03551471860336129
22625,1,0.9979911367495933
34188,0,0.011633577722197318
25387,0,0.032955259277338333
44134,0,0.0004992057056762137
1128,0,0.2044512813072639
25885,0,0.15242297727902565
21421,1,0.6491856932497811
31151,0,0.0024168243047519634
25298,0,0.002062306923647338
17875,0,0.002774573213885597
27681,0,0.004900470825920955
36774,0,0.0004514659803370996
4852,0,0.0010448161520532206
19322,1,0.6654731421902066
4094,0,0.0032941605021434882
22322,0,0.004385465480343566
14882,0,0.3374321239304011
45186,0,0.0033794219601056474
6246,0,0.28254319651818294
30740,0,0.02723303264965954
47062,0,0.2129308260486007
1465,0,0.1497657848825755
46790,0,0.03648863426512848
20004,1,0.6450436520653279
29495,0,0.3991855405427068
45302,0,0.06643650270638973
25469,0,0.02584184551316684
45093,1,0.9809535628624272
47512,0,0.31805218465851914
5287,1,0.9963790573172445
36719,0,0.009687626949301135
40227,0,0.3244366407528705
32071,0,0.0009585675094567347
39395,0,0.023988181660029445
37645,0,0.07765706337887703
31103,0,0.18775538621619833
38064,0,0.0006348121898389521
29254,1,0.9988529258169515
29195,0,0.00981011618361312
36041,0,0.0004953792182152555
38013,0,0.02264330226721366
37083,1,0.5849252734941452
31044,0,0.003321228217405833
43265,0,0.054394178085506166
11179,0,0.0002759054647877892
45390,0,0.20429850957051546
41710,0,0.2265064056940393
47754,0,0.0038130047514779914
47291,0,0.05665776606786443
13392,0,0.05285856101352052
38505,1,0.9901400819911825
15945,0,0.05085148619345547
8327,0,0.0015212630277353268
24122,0,0.04753255317557753
20972,0,0.16520927920980635
28516,0,0.008051913579999204
30236,0,0.0038843264736779307
33195,0,0.0010314416762595973
12348,0,0.2366418642270477
37327,0,0.0012509825231345553
10539,1,0.773481160463464
28285,0,0.05337215225360251
2300,0,0.11026810104852781
10637,0,0.018189779140452975
13033,0,0.01113209984700445
2187,0,0.3259169308412624
22246,0,0.0015725429152638683
19889,0,0.2901183470751168
13400,1,0.5560150079572759
23677,1,0.6036136517339414
11477,0,0.007252857983103586
10010,0,0.06476214074917949
36697,0,0.005826516056945508
22528,0,0.005530329196742398
20897,0,0.1751615834112947
4661,0,0.010327178334242208
6395,0,0.0028312314735095007
649,0,0.07491220290893205
42096,0,0.04887635277297923
23869,0,0.03652592393655317
1393,0,0.01907724381579024
6015,1,0.5688171583458278
34359,0,0.00017855651643525577
4549,0,0.013386074898126885
41341,0,0.0023628798289992807
12158,0,0.0027973154965516773
6883,0,0.00440362491115085
26713,0,0.036987588495993436
26455,0,0.005880832819861887
15259,0,0.004949745761645442
25562,0,0.012545105684397892
36688,1,0.44008623297507304
6989,0,0.17329584634884626
33808,0,0.04028398209347058
4403,1,0.5919068367521643
29181,1,0.9956609322696582
6234,0,0.02466794367417884
6254,0,0.03916458859688068
23810,0,0.06487904802805819
2991,1,0.6071105558097467
10677,0,0.06969490150575211
44942,0,0.062152393987563774
6740,0,0.3005176343870358
30273,0,0.00021096678333112822
22793,0,0.09075574392907762
14841,0,0.024212068206250246
5263,0,0.01156776267828651
48479,0,0.035552584095406604
11864,0,0.21011070240124904
16732,0,0.2799309467602134
28699,0,0.24962725585487783
37282,0,0.020840661167705322
12363,0,0.31522985175049417
19834,0,0.4145762329625974
19679,0,0.22468019968087222
25954,0,0.29739655106932444
18960,0,0.005141286588753275
24892,1,0.9937017429400038
13651,1,0.8321155746311829
39371,0,0.1830277870153162
39622,0,0.19076963342440606
43170,1,0.9592253034978178
1443,0,0.373326154519844
44133,0,0.005322229244873615
47751,0,0.020368763649740603
13518,1,0.5921541697948262
43994,0,0.0005686758293262065
25797,0,0.3919288813376111
21633,0,0.007381156677147956
45981,0,0.028866447751655713
44430,0,0.0047901387623065315
20346,0,0.02721722626085406
25055,1,0.5711778021208591
41426,0,0.005383737344942339
26269,0,0.020343761754067526
11035,0,0.0012363363991757033
24627,0,0.005387139641145163
46958,0,0.05669862784989212
5439,0,0.003186376780160901
15812,0,0.020504200154481286
9106,0,0.38762416910800146
7463,0,0.015331115914451332
46593,1,0.9943105035103641
10075,0,0.0027872589749547293
912,0,0.20742348186888154
2773,1,0.7413180891243325
2352,0,0.02394743988507652
19309,0,0.0014796363384793091
34742,0,0.3919288813376111
21073,0,0.03436983076141316
48771,0,0.07634765484309254
46143,1,0.998458234308066
3943,0,0.028211666095282893
47014,0,0.0008223114249396977
21110,1,0.9892168164591701
34074,1,0.8414322928585841
2596,1,0.873674726683982
41740,0,0.0018593458121876772
2443,0,0.03695061053260951
1296,0,0.06905460643938237
45881,0,0.019153898051495803
2650,0,0.0010730280898692398
1808,0,0.2071795180851119
22849,1,0.42423976319745743
2862,0,0.007314271133167094
38173,0,0.0002259026698774533
44190,0,0.2732950164145413
41772,1,0.9978457041584167
30649,0,0.0909345351795634
1749,0,0.0002296492483489574
18149,1,0.5712570714369681
18111,0,0.09443152986366013
25943,0,0.029881708126215267
48131,0,0.1092510969304732
40062,0,0.21083482366987422
16511,0,0.034742235574509985
4564,0,0.01714278258362433
45491,0,0.0015386477423744139
4620,0,0.016982343840462724
8154,0,0.00016205609710194565
7812,0,0.0001472877970748738
28361,0,0.07756688312879334
2159,1,0.6230975200915518
31612,0,0.003945035310983678
43555,1,0.44515795375866
40134,0,0.008891793206527956
30757,1,0.4604075661713105
47862,1,0.9954414252243371
13161,0,0.00040818314569080307
31266,1,0.8055427949823807
36453,1,0.695197345406659
15094,0,0.0011189848299373577
33885,0,0.06152816578756961
7063,1,0.5098176375565519
33511,0,0.019788444643725908
8569,0,0.00023458073811833942
3270,0,0.31705472346927893
21442,0,0.12323841800997654
28817,0,0.03269653010461737
8403,0,0.038287903701349275
33355,0,0.115177705778829
23474,1,0.6974723317793975
5862,0,0.005385090126652672
41479,1,0.8926440617037855
33978,0,0.283497320854462
7937,1,0.8813673898061979
44969,0,0.03802528659207673
21861,0,0.006054638315309379
18474,1,0.7670448543543303
14160,0,0.013980351034694477
29480,1,0.6045706542055619
15001,0,0.11358280527809728
12929,0,0.041817157109004084
30828,0,0.22509943613098857
20297,0,0.026644177185282645
20727,0,0.020949026389964074
30887,0,0.01426992612020888
35059,0,0.0021724051984370087
5905,0,0.21708437595139976
48168,0,0.0074981377115642955
23666,0,0.4214851773163917
30511,0,0.11838811150103433
44947,0,0.04694123217550348
13083,1,0.9964042922203958
36437,0,0.0055772818146126385
6464,0,0.3542891616607967
26411,1,0.9601300844356878
12884,0,0.0009451764816293978
26512,0,0.41260308596847534
16170,0,0.023043119749325068
9350,0,0.003395417410554192
25809,0,0.09904977954274963
15567,0,0.013627698633070347
46711,0,0.05687914137213373
33889,0,0.3952347366339861
21091,0,0.040405543553853056
47133,0,0.00034220237739271067
44561,0,0.011488988939569051
21518,0,0.016878294729409358
35440,0,0.2395292171563105
11800,0,0.001318039582178099
25019,0,0.2044512813072639
24186,0,0.2068139091650552
3127,0,0.01656536193922294
17952,0,0.004995486214582013
24937,1,0.6733671243607615
31762,0,0.017251514937126868
10937,1,0.6485784564853183
47145,0,0.0013702878419236837
14708,0,0.0037360202798245356
27096,0,0.05529234595105846
14783,0,0.013812357627938605
22735,0,0.0034103385719562126
44305,0,0.017686958262462617
9673,0,0.004675271321691696
10391,0,0.06355795399182383
25022,0,0.0005725405231333993
4521,0,0.40184326261203895
31633,0,0.006114495152104614
31941,0,0.022109866705151655
10994,1,0.5918685274804741
10352,0,0.01859985701168264
23819,1,0.6551906025379594
1290,0,0.2582320834626265
19389,0,0.13270841961007793
15850,1,0.8270544952535199
3936,0,0.049528449172264066
28561,0,0.008149090142286096
41368,0,0.008022896596328186
41803,0,0.1657851333782514
46584,0,0.16882942845951052
1452,0,0.001500308887894427
1502,0,0.15510372035914105
45451,0,0.0009227507055373656
34697,1,0.815107328078812
13098,0,0.001882584719256489
2636,0,0.018758646805462666
35147,0,0.021454129592810556
27777,0,0.010738820113076749
28824,1,0.6069374138966891
29463,0,0.26808506130247456
11297,0,0.2552841814485219
44611,0,0.022079588307656373
32404,0,0.021819086293487524
43747,1,0.8564910798195655
10090,0,0.05789620387490395
9933,1,0.7345863309990034
35226,1,0.8464234683002319
45004,1,0.6723628010403139
42788,0,0.33491624091241246
19741,0,0.00019057637391456638
34097,0,0.18673850549999851
45594,0,0.39421718565083724
9770,0,0.18672645157826348
11266,0,0.006535034602432223
38840,0,0.25583272661977724
45399,0,0.017117504097659608
39050,1,0.5636168958983738
5176,0,0.0012825104427774353
33274,0,0.010276005062614757
8414,0,0.008217347285227976
45219,0,0.02655432153861404
34793,0,0.005180826728386952
2232,0,0.20419634666396444
4467,0,0.2424642308264422
16431,1,0.6072164910300033
37897,0,0.09180763825414272
22775,0,0.02238564135932086
34227,0,0.2929212812394575
44307,0,0.29253633050360656
25674,0,0.0035207469117501324
15200,0,0.06508436990443045
1885,0,0.29643662865006315
458,0,0.12147041786756815
36820,0,0.04687938490111766
39306,0,0.0013378658156953374
589,1,0.9967480482713085
12758,0,0.06506164910329035
25848,0,0.3218113428741509
21841,1,0.965120225197334
16947,0,0.09390894674539933
46655,0,0.09189937894331972
1345,1,0.7775746693919872
15210,0,0.04799425996550632
38503,0,0.0005281705848712466
21419,1,0.8003786944614473
42697,0,0.007955130580438808
44317,0,0.011943641717079238
6302,0,0.033976119882290046
22923,1,0.9894094871061866
14475,0,0.0017753461015147737
42402,0,0.3795282499598393
41032,1,0.6592314216842402
3290,0,0.02676001478082576
19032,0,0.0008167284495347947
4402,0,0.0019282613993808879
12959,0,0.007524665728079245
46429,1,0.6283971821249222
45950,0,0.017676613071154684
38768,0,0.013207426853001764
24634,1,0.9986900456101316
24689,0,0.00042391696220758464
14858,0,0.0053699878557807255
2827,0,0.17760264607180898
16316,0,0.006911134888152137
8375,0,0.22135769346596618
29454,0,0.20420094122631227
39627,0,0.27915657758956347
44508,0,0.008465350112874206
13042,0,0.025182067544841757
25025,0,0.00037999127585633955
17864,1,0.9909129394046421
19513,0,0.2605793714787785
39669,0,0.01438843559990087
47756,1,0.5207347778924973
14468,0,0.13766317261076708
2089,0,0.11757475684071483
10325,0,0.0003722424300145079
47922,0,0.3456927355571341
25240,1,0.5460872489809975
33583,1,0.9987099676734916
41518,0,0.17003807726342837
32309,0,0.18942791199680595
34129,0,0.12739899531161447
25081,0,0.00875893958320231
16942,0,0.02804043218159163
27392,1,0.8258243888740453
37402,1,0.5842158622573314
9195,1,0.7455271202136774
48486,0,0.0004595030214021717
3548,1,0.9977926190207993
9729,0,0.018268854500051918
16952,0,0.0014049433707514851
19884,0,0.2604305950751903
34916,1,0.7280674592176961
18710,0,0.012264532890049088
12372,0,0.05916910116625524
40718,0,0.0023928324790064986
10605,0,0.19702181688116194
19394,0,0.1383007199936879
17051,0,0.05874010209433862
24965,0,0.41528047087850367
27897,0,0.12307209741573667
19169,0,0.0007351214719288463
35351,0,0.00127919166376035
32200,0,0.21194445918794086
11691,0,0.3136320532940456
18174,0,0.023181467955470006
24781,0,0.020681652263931854
33099,0,0.0002871804220101351
39770,0,0.2951723123955721
13020,1,0.9889480149224854
32279,1,0.5587635169314127
48618,1,0.8487345837801414
33621,1,0.8545745442722079
23095,0,0.034092752159254246
32349,0,0.0040379123444777435
8972,0,0.12618944586561595
26107,1,0.9686817497184288
35698,0,0.02102215987786344
1993,1,0.6073682766018891
38581,0,0.15180785579897313
30468,0,0.06475784970455829
32954,1,0.6479247392600208
47947,0,0.042249887428875706
13558,0,0.17401069876455305
5580,0,0.0016105439083373462
47664,0,0.19403682766325822
8892,1,0.997103215358475
12888,0,0.003847110725553942
8250,0,0.09626090667012736
28446,0,0.0038442038698338126
32796,0,0.34824244863715903
1424,0,0.004095352570066654
437,1,0.5610173883014294
12556,0,0.003279632168229223
21374,1,0.7873781075359042
25759,0,0.020661153258633384
30071,0,0.01068307713591896
27740,0,0.23662574595308364
22238,0,0.01325667111260463
7239,0,0.01380141197395882
25328,0,0.004139538416044824
47837,0,0.0019052964303839254
25285,0,0.024261817546502244
13942,0,0.038946700060056856
42176,0,0.0005316808456089334
15695,0,0.1397659301553994
25389,0,0.0012095445371876586
2744,0,0.002064605131653245
7248,0,0.2979697510202852
26723,1,0.6863684642075539
35789,0,0.0013113595713068597
34282,1,0.9927119899123521
31052,0,0.3713891893345371
40850,0,0.0046948142927289455
15657,0,0.03949082235317156
35727,1,0.7702853113212339
1566,0,0.031852212263351984
28587,0,0.08060200941682388
16766,0,0.1592544387200143
37917,0,0.13760682785742398
27272,1,0.5251774757532776
22226,0,0.2523905793271863
3773,0,0.000556997146447397
5854,0,0.0033753440016387843
16367,0,0.0005953913269696288
23836,0,0.012192812998929938
18665,0,0.004539383506391115
21044,0,0.23745828853402626
44853,0,0.0010946235238653644
7726,0,0.11325615743243544
22927,0,0.013782911927197992
44406,0,0.014329030638097671
37516,0,0.05652592748103329
33092,0,0.02638075264345946
15615,1,0.5370877722269762
47175,0,0.0004228666003146967
47284,0,0.06901491108807739
45122,0,0.03512044315267713
46863,0,0.041954148089401726
27213,0,0.08055930298456153
45166,1,0.9596046680424652
42803,1,0.770332028745998
9332,1,0.5589924628584032
5130,0,0.26168475106565314
17689,0,0.0200980626784255
30855,1,0.8211006774482414
37167,0,0.1519940307959857
22916,0,0.0070410708048238525
3243,1,0.6606872263625049
46387,1,0.9983750167080164
28320,0,0.004532716493498404
48714,0,0.05733573706328144
42890,0,0.0017504168056331885
5145,0,0.2666879197227741
29888,0,0.015480070192437639
13322,1,0.9949152460452058
980,0,0.0038064311887908136
14488,0,0.022788094092980986
21880,1,0.695155784009079
21479,0,0.15905487336764088
31091,0,0.040727017997257
6283,0,0.0017406926418632041
14586,0,0.15346641941898223
24224,0,0.003980255267039846
40336,0,0.008638325148459466
5673,0,0.005639336423028884
9114,0,0.09093207660783033
27877,0,0.08046508491193366
10613,0,0.07015880778235048
7587,0,0.03961196029801589
21242,0,0.2150477886963587
18339,0,0.03776297166548351
21539,1,0.9895303271970642
17663,1,0.5168283384465577
10285,0,0.0003939838003938718
10176,0,0.0005069482158584952
10500,0,0.0002965508355651941
16530,0,0.0011375150680072981
22867,0,0.005539686495204547
41334,0,0.2769060194193953
3075,0,0.144141977012925
1079,0,0.00024360045307036918
35130,1,0.7227793526219718
26013,1,0.6095661266188006
47347,0,0.001667153269628262
5666,0,0.019321333852788076
2990,0,0.051302539256275335
38993,0,0.006446388239094783
44499,0,0.26525258245515265
47851,0,0.17048402854474054
2815,0,0.013663819140504248
7517,0,0.3120482693533651
41083,0,0.09695607448916878
45933,1,0.5823232076402952
962,0,0.006728571300329533
9710,0,0.37217302137565267
1792,0,0.10905524563280121
40926,0,0.004143567788145313
4394,1,0.8750322734854499
21790,0,0.20429850957051546
30444,1,0.67021360630074
41201,0,0.011297876010329742
5750,0,0.02210288237399634
21979,0,0.018516547353142055
29680,0,0.0007758798868023802
14315,1,0.9247339129191962
29525,0,0.00034053359219798267
41528,1,0.6239076810979098
36482,0,0.04560719870483854
25332,0,0.01491014349298824
26397,0,0.11406491569360305
45668,1,0.9907094770416167
1801,0,0.0014712987059391372
17665,0,0.0013835845032764285
11912,1,0.9685993643803641
39208,1,0.9446777895633157
28233,1,0.7440882227605666
19497,0,0.0008223114249396977
31004,0,0.003839765631350407
40292,0,0.27581244187033654
20035,0,0.09491928321901277
10965,0,0.40945562720567197
18349,1,0.9972749238106057
23432,0,0.0007027293464324269
47352,1,0.49276503807801003
46576,0,0.03336578543743015
6943,0,0.09714744569714415
34224,1,0.4579072350753253
13671,0,0.00026421819322370064
33379,0,0.2779903153081155
46623,0,0.11377653472943078
5326,0,0.0009351643620801562
28241,0,0.019034179233379207
32710,1,0.5946921899281927
44882,0,0.0039922102318729865
25621,0,0.015268573397483639
14487,1,0.6460746747811
13070,0,0.004548867420687462
16063,0,0.07367464225384134
5858,0,0.16853345725123428
40474,0,0.01685466431451674
39399,0,0.01999500670406758
46188,1,0.9955679520772991
14978,1,0.5549879389157428
28144,0,0.1412756898464711
12582,0,0.0023422125231093117
18522,1,0.6413492450503631
39816,0,0.4031260756216644
17299,0,0.009118470898902126
22989,0,0.06964289686816753
36612,0,0.017062539189103415
20854,0,0.002449151607827304
13059,0,0.0008798924587633358
30620,1,0.9910574226345147
33751,0,0.01517115625884226
46920,0,0.0006268566027069686
19272,0,0.038642720707241444
28846,0,0.0732974882111592
7196,0,0.00327324355884582
3580,0,0.0008217424491258158
41077,0,0.00013806265885724835
20276,1,0.4911829043798783
15510,0,0.3909530634714085
22787,0,0.040013507887579326
4205,0,0.09754154868901367
6958,0,0.0006901216545302644
13316,0,0.03436983076141316
24929,0,0.00020197415509064004
13562,0,0.0006399539210411638
25637,0,0.003249068701680413
35484,0,0.004086266344360251
2,0,0.0004775618160448751
35432,1,0.9941755623295755
31435,1,0.5292073831237248
7649,0,0.004033703506825098
4218,1,0.9959002210634533
20491,0,0.040778683092564535
1186,0,0.034258929888323776
45019,0,0.1732074433477409
9385,0,0.000681933795049168
35472,0,0.056972825199460765
5387,1,0.9980651242728861
22378,0,0.370672227302828
30507,1,0.9636378761740371
27493,0,0.016138962220619998
42062,1,0.4697348462289292
37310,0,0.04289354791683184
41814,1,0.6758538468020651
3980,1,0.7859474975481432
7091,1,0.653017730175725
16115,1,0.5782075781461535
16696,0,0.006114495152104614
31565,0,0.15976041749696335
26832,0,0.31522985175049417
44547,1,0.9916645316347057
44258,0,0.2758447040675456
24259,0,0.3319067866077738
23422,0,0.013563284055747324
10133,0,0.0021070292620936175
26095,0,0.0032941605021434882
45188,0,0.0012707578493089211
7105,1,0.6219722428366741
40449,0,0.0010671618956338677
37887,1,0.972388506189334
4057,1,0.8555313800146405
35670,0,0.0002341089231708007
12774,0,0.008038834185066068
7192,0,0.17580325724640417
32262,0,0.10067123409295273
939,0,0.00020700224161692446
35494,0,0.06163577362188746
30418,0,0.20624343945155205
30199,0,0.0010152664270762148
1073,0,0.24220070598912058
42351,0,0.020881215045049268
45977,0,0.1787888909149259
27472,0,0.22398268938836954
24622,0,0.0065231000292900725
15126,0,0.0008852324242727453
37265,0,0.02339575932706471
18393,1,0.6816347890570102
25202,0,0.017941072954341105
12476,1,0.7614967719994777
44204,0,0.0036543101240466194
41619,0,0.005879368803960666
43237,0,0.2799740317227996
29016,0,0.06190891892117099
91,1,0.567614835060584
46399,0,0.005650408361498823
23281,0,0.390002255581799
11328,1,0.6392802002982886
15369,0,0.026930977992071177
35143,0,0.0009784326642549173
499,0,0.03144134887975635
12089,0,0.3925707108411832
16124,0,0.16578750028478015
43147,1,0.5803424554186256
28060,1,0.6897902889566914
19903,0,0.17760264607180898
12007,0,0.035722441840251834
35558,0,0.040886875589636225
30310,0,0.0118684650277572
5146,0,0.09061312377513707
36552,1,0.5306207806540756
39809,0,0.24498421838479817
7488,0,0.29416762289861687
33122,0,0.026170097659096093
14367,0,0.3879081834288509
32991,0,0.3694958348585951
29184,0,0.026664752603377466
11847,0,0.16398781965538908
6494,0,0.06120013399994552
23125,0,0.0028075988673943865
19646,0,0.2044512813072639
23262,0,0.018086146067612673
29287,0,0.01694126361894264
40238,1,0.5521580954839127
16901,0,0.0002259026698774533
4646,0,0.00038909460457770283
24483,0,0.032605149135674937
24469,0,0.03037120977827273
29804,0,0.14279435958120384
13964,0,0.00022928396124151715
5758,0,0.0007429993570472774
40469,0,0.02365592619872093
34480,1,0.9989513877576733
18973,0,0.0020403828323619245
6141,1,0.5697590404389244
6913,0,0.330005041543119
42416,0,0.005026304175003023
29304,0,0.025807225347113924
36412,0,0.33035226902558995
29276,0,0.05408981244643245
7362,0,0.1362477897874413
27881,1,0.6111698841989908
1458,1,0.641834064554867
5202,1,0.5371319547632608
20459,0,0.3476594743348604
9481,1,0.5740301254711094
28117,1,0.997222015924147
24049,1,0.9291527640441126
30944,0,0.40577196102048096
27684,0,0.09643632492528884
1797,0,0.006717078992507017
19610,0,0.005507103202011645
25770,0,0.0200980626784255
3019,0,0.009735468879837575
22966,1,0.563147779724051
10689,0,0.07388611668080208
22216,0,0.003744840710371054
30755,1,0.43819815184782396
16636,0,0.2321547727940101
34639,0,0.10844290630491725
25481,0,0.20172259032332554
36532,1,0.4314846429976119
6704,0,0.012602039530457503
17705,0,0.049281717847003394
43915,0,0.049635010878906594
45169,0,0.3813076143829042
2646,0,0.018273670459592176
22576,1,0.8791598162353921
187,0,0.06729364667911501
41033,0,0.03190988571583181
8107,1,0.70390660376481
2167,0,0.3076802666029062
6317,1,0.6423900100010372
47509,0,0.002948985002166857
10408,1,0.43884770028596715
15739,0,0.1896626386157308
48239,0,0.005880832819861887
28887,0,0.17540761891663972
22401,0,0.4191772246413366
44571,0,0.00073686779584478
22455,0,0.05385850693745037
29479,0,0.18626875558828884
4933,0,0.25555943626697813
281,1,0.9850231030035266
43312,0,0.03847700089650619
19176,1,0.8441067044327476
14425,0,0.08710957540189268
38782,0,0.011037601504437498
40455,0,0.15838031877816233
35987,0,0.050944917426166324
18573,0,0.01159040723055263
3724,0,0.0004863070910389438
20818,0,0.0004961959288168466
47669,1,0.9902726731426336
29353,0,0.05172847621314652
3282,1,0.809421651463549
31650,0,0.059995965310069316
45564,0,0.003176948865394127
7733,1,0.46728370233934535
43783,0,0.0002642173811254116
33986,0,0.0036898785516184395
37585,0,0.39850182243760063
11343,0,0.0008639297517841611
6320,0,0.13745863532887667
45884,0,0.00016205609710194565
2846,0,0.061045765004548835
37647,0,0.0006313728153408412
44399,1,0.5650932795696991
3579,0,0.026356975765332462
18210,0,0.009264745565241093
26006,0,0.002288997406790749
23583,0,0.10185008512081409
44294,0,0.0002722739904883695
38392,0,0.40784002643149464
683,0,0.007490133669871445
35674,0,0.16858027481855856
4231,0,0.0084353438454459
5936,0,0.12540549333141307
17445,0,0.0009122712761347198
37713,1,0.7446900268009481
26841,0,0.017326380839672386
5002,0,0.01907801197712292
2924,1,0.964581864814989
16134,1,0.5707113244789433
44789,0,0.07237210601301808
20228,0,0.29184526547332656
7828,1,0.755107932828742
4812,0,0.001457310982612911
46358,0,0.4048677231250343
38269,0,0.0019649190927107842
8157,0,0.2771684809368147
9648,0,0.004608211856712131
25931,0,0.15049839746920965
18199,0,0.020864416636675227
12849,0,0.0027538824502244407
20487,0,0.00370334342384573
11824,0,0.37749498131917153
43420,0,0.37612345857184787
42177,1,0.7265716466326826
9382,1,0.7232716897973095
1232,1,0.6049671372023011
7752,1,0.7155990263216429
109,0,0.0847138888929267
39384,0,0.004488941240544295
22532,1,0.5589858299410153
34124,0,0.006371006283238739
30672,0,0.02461521805839935
13997,0,0.0021114643039317027
3530,0,0.018227813124535794
3111,0,0.015070367133371966
20513,0,0.40188737512349104
44450,0,0.04495020242921948
23830,0,0.002995136987125652
44169,0,0.0035737229632171914
18456,0,0.12488120046484229
43509,0,0.00590782864989032
38842,0,0.36729938029537457
19017,0,0.0416236362266329
41316,0,0.18894102557607168
25987,0,0.10764989016877885
12148,1,0.5279615956321708
1397,1,0.9817605805894475
29220,0,0.011707250809450244
18701,0,0.009214434062007355
36653,0,0.06349703291918066
45318,0,0.07237210601301808
14130,1,0.8321339215514711
3142,0,0.0766294928225022
38992,1,0.984223028982678
26736,0,0.4125549561625043
35094,0,0.001154084594885678
42768,1,0.6285770319805458
7337,0,0.018871169182755224
23999,0,0.2432657584135896
13927,0,0.0225282829709389
4290,0,0.04672250296894552
37171,0,0.32282104848571724
6664,1,0.9929935908558706
11434,1,0.7402436663773174
44324,0,0.0029363540559376694
41867,0,0.0976653633846658
32228,0,0.24737603589269916
44783,0,0.0006643433862463516
34340,1,0.476297842418254
16404,1,0.5991432031934483
44446,0,0.03383523769851223
24671,1,0.47438903196542526
28975,0,0.02183931578671538
8289,0,0.006005521716819861
32802,0,0.007474756653695354
17013,0,0.055378861349561
32043,1,0.947994844373467
2324,0,0.2596410763368758
12006,0,0.09351119532499362
33069,0,0.06954286047118398
29029,0,0.040264378485288674
35914,0,0.041194301692227854
38119,0,0.17723197320096631
24897,0,0.004014601636969752
42337,0,0.10357964737448618
6754,0,0.13123338194523246
8481,0,0.001268832319061738
30894,0,0.0021724051984370087
47805,0,0.018861151420060663
18999,1,0.6704462285613245
15422,0,0.02961515661113457
18608,0,0.2977347386849755
14051,1,0.5011000547956487
26663,1,0.61756467225932
33028,0,0.002859553841078227
32620,0,0.19247744712471518
21215,0,0.023765023823994372
27131,1,0.744371868616318
33316,1,0.9886753666120531
4547,1,0.8801172294471886
42928,1,0.6673866357791376
32234,1,0.48329597136013014
47906,0,0.04255483095578135
43210,0,0.05837915940841403
9764,0,0.3851435955282272
33568,0,0.13063077386179608
43444,1,0.9968140255027945
36157,1,0.7816477278769116
31964,0,0.18249840089593414
26331,0,0.005122145171316093
35035,0,0.0025162948592051663
42271,1,0.9958918768393925
44515,0,0.004178251274002416
22925,0,0.08344642748581531
45632,1,0.6192876938000543
26545,0,0.09917988003869849
37242,1,0.7724588230405728
28621,0,0.023494407350621267
41594,1,0.46198059279914055
1324,1,0.5403896632988049
16229,0,0.10047209813932413
14280,0,0.03356268035223703
39235,0,0.019706987958002426
13702,0,0.0004863070910389438
23470,0,0.000909474861501653
43841,1,0.9810883822237887
609,0,0.002949234773056742
11501,0,0.0009797428078401455
13944,0,0.0006114040905010661
40792,0,0.3218113428741509
15680,0,0.007480880324780963
13921,0,0.00440400707721164
11754,1,0.47009227242675955
36547,1,0.4380705265665288
38707,0,0.0094022445685708
15651,1,0.7833144165377708
384,0,0.016642507253109704
14006,0,0.02273372239803974
43465,1,0.741535745936916
38913,1,0.5342440177360045
23910,0,0.3168520628722725
42620,1,0.9889125558213834
46867,1,0.9861884456663296
44925,1,0.7407034492548505
476,1,0.5470376432460101
44105,0,0.3264738235903005
17525,0,0.0003668339296924842
38640,0,0.01771807267265304
1468,1,0.7307065774655941
9667,0,0.008714470488094704
6725,0,0.02538918696137305
45699,0,0.0002886896598698149
43238,0,0.0011019499948121047
37048,0,0.002200708922576219
21672,0,0.006678457265699757
19843,0,0.004904161010912206
8123,1,0.8855176529630172
7601,0,0.0001741189063502984
36027,0,0.0005648437860827597
19683,0,0.0012363363991757033
3304,0,0.0011375150680072981
6343,0,0.3149438958825682
42236,0,0.03231167881328575
40304,0,0.0010415511646104294
924,0,0.00043024487784531633
23518,0,0.1661829635355404
3602,0,0.00038566705482073987
23970,0,0.346752228285703
3876,0,0.0002259026698774533
6869,0,0.01708779992558413
7029,0,0.0002845958062883519
25309,0,0.18711266176823207
4347,0,0.02596336319394215
37597,0,0.0035823630940399506
16312,0,0.3452653410982103
40900,0,0.2586593305915644
8542,0,0.12623557784605255
6007,0,0.05240752334440972
29913,0,0.12142904712199297
12291,0,0.2738432911160026
38844,0,0.1974102816030836
36929,0,0.042846922733887786
15263,0,0.012566496288267183
28987,0,0.35361818478349655
2626,0,0.12937911450052103
45643,0,0.00024048521232601335
29941,0,0.04171229805313985
13607,1,0.9951713282585272
28935,0,0.016559883072652565
44822,1,0.983137387410642
43852,0,0.07080225306740971
26794,0,0.0030643527900708046
38899,0,0.11593208099851982
14644,0,0.37065754069645396
34862,0,0.1325931953073337
13294,0,0.027364088519897665
17709,0,0.3891203065342291
13315,0,0.04634305939375444
37566,0,0.11012470569968576
33235,0,0.2389695092500407
36501,0,0.0030902232445078185
5785,0,0.10513249961800443
46650,1,0.7697703481759807
42476,0,0.0003478811045434815
19971,0,0.0075153449660161995
7990,0,0.009309415613884868
41515,1,0.9777109340477136
2358,1,0.7143537088916332
15131,1,0.6980145405332706
27514,0,0.030833139299453183
1399,0,0.009701627225492105
34251,0,0.000237250148547005
13957,1,0.7113968612481569
33521,0,0.06880798654913302
30962,0,0.34356551247595574
24599,0,0.005985622618213979
40618,0,0.0798843593286935
25685,0,0.10338686135293239
40344,0,0.01997408465353718
35446,0,0.0023041925504660534
42399,0,0.01941549683847597
15833,1,0.8850901989570928
35735,0,0.004968395377327987
33104,0,0.29696209677917856
471,0,0.06711482041402202
38721,1,0.7922513912304792
16542,1,0.998851989340922
9039,0,0.28137696950675084
10037,0,0.0024408259920217523
28293,0,0.005050818633471749
42450,0,0.001463332736266915
35831,0,0.2909936918466995
25267,0,0.31763093066271797
7970,1,0.7926534562473236
38339,0,0.011124948661677923
19212,0,0.006744598202338623
17610,0,0.19938308191031848
27508,0,0.12395030159050541
32638,0,0.0053746251262235655
20260,0,0.001539908093827965
42491,0,0.10991632040801157
12236,1,0.6936276265768373
14093,0,0.007261083685146698
3644,0,0.04551711511080632
32819,0,0.2669325211536928
19101,0,0.012281771269692624
36942,0,0.038278800813346
8502,1,0.458494300338889
9393,0,0.0922246320386255
3249,1,0.9955547776533346
8914,0,0.007135759960285865
32623,1,0.6367223500912828
37723,1,0.6218244384172519
37185,0,0.021645763833585522
10916,0,0.003579202629897363
47136,1,0.8943226623047069
27624,0,0.3921077259396549
22493,1,0.6240487569386846
28098,1,0.5734079722158971
43711,0,0.3594418658035133
9207,0,0.3701896236185699
33461,0,0.16018594422875956
19278,0,0.00017227416962825056
30203,0,0.10499023695217642
33979,0,0.0004775618160448751
1144,0,0.004143778830581978
22908,0,0.2638403330949328
18588,0,0.01605864324015226
40472,0,0.0027161434676257297
39841,1,0.9945883385342281
34275,0,0.001077695065421469
37322,0,0.295289638420263
47066,0,0.32219471924207227
40554,0,0.047617536266733186
40794,1,0.9989516916962234
43860,0,0.0008065527086423842
17040,1,0.9976744662083881
28986,0,0.0009145464508116846
1009,0,0.025761951174803024
32548,0,0.09880232927529989
36298,0,0.1690652458765251
21624,0,0.15266769153018164
31909,0,0.0006831390897227689
8148,0,0.11674628662024573
38009,0,0.10825977598568995
35546,0,0.0002259026698774533
39316,0,0.006374087987835995
46204,0,0.00307378301959119
33589,0,0.08277619454872642
11122,1,0.5993979840613555
11029,1,0.9977680079243838
12234,0,0.08362766745720988
40711,1,0.8511569767832136
34287,0,0.021927836849368276
32645,1,0.4983983757845759
32462,1,0.6737515224789751
12631,0,0.051797591533471216
27879,0,0.005586557179908507
20483,1,0.6711892288902873
4286,0,0.10917792612775175
44135,1,0.9837114976822527
44404,0,0.0024712589552682604
36558,0,0.07418261286114952
13967,0,0.009876483256371893
1624,0,0.17125773717309878
34531,0,0.018042086838314698
42773,1,0.5474856144682237
8135,1,0.5543063837433018
46239,0,0.10862246056403813
16426,1,0.5627078462338068
7610,1,0.9758005910200864
23806,1,0.9971447055432398
29901,1,0.8187695176541396
43941,0,0.02631347395029802
48150,0,0.1455307111190079
12297,0,0.23557892794079804
2878,0,0.003852137033090769
36454,0,0.18921268562313734
16028,1,0.5788946106758815
43213,1,0.6446613889561057
41658,0,0.16570546134203287
34050,0,0.10661308267606548
6111,0,0.1465336697511729
12497,0,0.20459125293913263
4920,1,0.8201766785871304
44466,0,0.026253510797183004
19589,0,0.007126774427971941
14195,0,0.1203067927977938
18137,0,0.015344674129162576
14515,1,0.9578865053278951
11595,0,0.0011747683511810396
46244,1,0.8335195241073962
3705,1,0.9959175899879007
25611,0,0.025695708967724374
22049,0,6.418766134767656e-05
14789,0,0.008669049670558582
9745,1,0.7475010057532507
46909,1,0.9933249691664396
29896,0,0.3381861953654714
23130,0,0.014927809565992553
29789,1,0.6097771501725089
2260,1,0.8968560623679775
31996,0,0.004430909745510844
16442,0,0.1880575412953411
11500,1,0.9956098905039171
9233,0,0.4095747216632696
14474,0,0.0540556216409638
37620,0,0.42169337458254974
47760,0,0.04399223255537293
30420,0,0.0004479819860254897
2454,0,0.016865512929923155
39456,0,0.008371643726247895
21570,0,0.0016526670598211706
41538,0,0.013234957115959676
41190,0,0.018320095286201873
36255,0,0.15964438222785382
28787,0,0.00101408686354422
37225,1,0.9203088361016496
13023,0,0.001506719863577526
35085,0,0.08605033616353744
5039,0,0.001756169711881508
45813,0,0.000631348574775822
24235,0,0.03085418690716236
45989,0,0.20197525515246206
18514,1,0.9931204272836649
47142,1,0.9225705721977506
29553,0,0.005847172737782158
4401,0,0.0764038633292124
17572,0,0.00918977661347399
48585,0,0.0006560525836760928
14612,0,0.12100107181885006
21694,0,0.008341779594478833
8673,0,0.005774807197650043
45096,0,0.003920808699698222
39109,0,0.0012281067875783618
47435,0,0.03249340458406541
3834,0,0.046582908029668905
21012,1,0.6727042790578196
48281,0,0.028300043971665665
20985,0,0.37333332950555465
14785,1,0.9197862667461592
40353,0,0.15257546175738215
44538,0,0.17121913757509818
48477,0,0.029437070457159223
24616,0,0.22025227425941277
40654,0,0.06672731497142358
1285,1,0.9827683761759579
14191,0,0.3101286083183664
45206,1,0.6745997303379014
20434,0,0.17455044336210448
25253,0,0.11671008304128805
45221,1,0.8600295512990498
1024,0,0.022131073305447568
42609,0,0.008153938521606409
16056,0,0.01577539657742341
33422,0,0.05123916724772342
30514,0,0.12498762315973116
7276,0,0.016693720516835216
22894,0,0.002570720203974493
31299,0,0.0015312316589831893
39760,0,0.1308951313444468
11714,0,0.15230132711774597
23312,0,0.002656855239373908
25502,0,0.051831671830303086
41092,0,0.016280248934097786
47039,0,0.25613158254698365
37233,1,0.5734320938708366
12025,0,0.34592219372981425
28138,1,0.9813610123099563
11479,0,0.3267907777887608
4161,0,0.00933021453962985
13489,1,0.8728726627853266
16049,0,0.0008458366075244182
36327,0,0.033538905756011254
40027,0,0.01749331005417936
25862,1,0.5040822513252572
22086,0,0.04476062004788159
2634,0,0.0008223114249396977
42705,1,0.5793621987138156
9138,1,0.9035938339840749
29926,0,0.1786770070035669
19792,0,0.13529264035767946
4179,0,0.03369757836901026
43047,0,0.3526919675902103
18799,1,0.9719023683869389
29520,1,0.8027847734106639
551,1,0.9296406484983215
14338,0,0.11415266958909197
